acm_profile,name,searched_at,candidate_url,outcome,reviewed_at,evidence
https://awards.acm.org/award-recipients/allman_1511070,"Allman, Eric",2026-09-28T19:08:30.941487-04:00,,not_found,2026-09-28T19:08:30.941487-04:00,docs/scholar_missing_first10_2026-09-28.md#results
https://awards.acm.org/award-recipients/dukkipati_3327860,"Dukkipati, Nandita",2026-09-28T19:08:30.941487-04:00,,not_found,2026-09-28T22:40:26.252611-04:00,docs/scholar_missing_first10_2026-09-28.md#user-rejection-of-invalid-directory-leads
https://awards.acm.org/award-recipients/markopoulou_1561968,"Markopoulou, Athina",2026-09-28T19:08:30.941487-04:00,https://scholar.google.com/citations?user=WIXl6-gAAAAJ,accepted,2026-09-28T19:10-04:00,docs/scholar_missing_first10_2026-09-28.md#subsequent-user-acceptance
https://awards.acm.org/award-recipients/crocker_2161414,"Crocker, Stephen David",2026-09-28T19:08:30.941487-04:00,,not_found,2026-09-28T19:08:30.941487-04:00,docs/scholar_missing_first10_2026-09-28.md#results
https://awards.acm.org/award-recipients/housley_3073715,"Housley, Russell",2026-09-28T19:08:30.941487-04:00,,not_found,2026-09-28T19:08:30.941487-04:00,docs/scholar_missing_first10_2026-09-28.md#results
https://awards.acm.org/award-recipients/madni_2019240,"Madni, Azad M",2026-09-28T19:08:30.941487-04:00,,not_found,2026-09-28T19:08:30.941487-04:00,docs/scholar_missing_first10_2026-09-28.md#results
https://awards.acm.org/award-recipients/walid_4359859,"Walid, Anwar",2026-09-28T19:08:30.941487-04:00,,not_found,2026-09-28T22:40:26.252611-04:00,docs/scholar_missing_first10_2026-09-28.md#user-rejection-of-invalid-directory-leads
https://awards.acm.org/award-recipients/berners-lee_8087960,"Berners-Lee, Tim",2026-09-28T19:08:30.941487-04:00,,not_found,2026-09-28T19:08:30.941487-04:00,docs/scholar_missing_first10_2026-09-28.md#results
https://awards.acm.org/award-recipients/goldberg_4097200,"Goldberg, Ian",2026-09-28T19:08:30.941487-04:00,,not_found,2026-09-28T19:08:30.941487-04:00,docs/scholar_missing_first10_2026-09-28.md#results
https://awards.acm.org/award-recipients/varma_8117035,"Varma, Manik",2026-09-28T19:08:30.941487-04:00,https://scholar.google.com/citations?user=2efybZkAAAAJ,rejected_quality,2026-09-28T19:08:30.941487-04:00,docs/scholar_missing_first10_2026-09-28.md#results
https://awards.acm.org/award-recipients/mei_8736937,"Mei, Hong",2026-09-28T19:29:03.581003-04:00,https://scholar.google.com/citations?user=b-ZYIwoAAAAJ,superseded,2026-09-28T19:44:05.899604-04:00,docs/scholar_missing_next30_2026-09-28.md#subsequent-user-accepted-profiles
https://awards.acm.org/award-recipients/mount_2204550,"Mount, David M",2026-09-28T19:29:03.581003-04:00,https://scholar.google.com/citations?user=v6PsQKIAAAAJ,superseded,2026-09-28T19:44:05.899604-04:00,docs/scholar_missing_next30_2026-09-28.md#subsequent-user-accepted-profiles
https://awards.acm.org/award-recipients/adleman_7308544,"Adleman, Leonard M.",2026-09-28T19:29:03.581003-04:00,,not_found,2026-09-28T19:29:03.581003-04:00,docs/scholar_missing_next30_2026-09-28.md#results
https://awards.acm.org/award-recipients/lengauer_1628387,"Lengauer, Thomas",2026-09-28T19:29:03.581003-04:00,,not_found,2026-09-28T19:29:03.581003-04:00,docs/scholar_missing_next30_2026-09-28.md#results
https://awards.acm.org/award-recipients/ricart_1241702,"Ricart, Glenn",2026-09-28T19:29:03.581003-04:00,https://scholar.google.com/citations?user=xqach48AAAAJ,superseded,2026-09-28T19:44:05.899604-04:00,docs/scholar_missing_next30_2026-09-28.md#subsequent-user-accepted-profiles
https://awards.acm.org/award-recipients/blum_4659082,"Blum, Manuel",2026-09-28T19:29:03.581003-04:00,https://scholar.google.com/citations?user=7S-LSKoAAAAJ,wrong_person,2026-09-28T19:29:03.581003-04:00,docs/scholar_missing_next30_2026-09-28.md#results
https://awards.acm.org/award-recipients/diffie_8371646,"Diffie, Whitfield",2026-09-28T19:29:03.581003-04:00,,not_found,2026-09-28T19:29:03.581003-04:00,docs/scholar_missing_next30_2026-09-28.md#results
https://awards.acm.org/award-recipients/hellman_4055781,"Hellman, Martin",2026-09-28T19:29:03.581003-04:00,,not_found,2026-09-28T19:29:03.581003-04:00,docs/scholar_missing_next30_2026-09-28.md#results
https://awards.acm.org/award-recipients/hoare_4622167,"Hoare, C. Antony R.",2026-09-28T19:29:03.581003-04:00,,not_found,2026-09-28T19:29:03.581003-04:00,docs/scholar_missing_next30_2026-09-28.md#results
https://awards.acm.org/award-recipients/ferrari_0528703,"Ferrari, Elena",2026-09-28T19:29:03.581003-04:00,https://scholar.google.com/citations?user=kOc4beIAAAAJ,inaccessible,2026-09-28T19:29:03.581003-04:00,docs/scholar_missing_next30_2026-09-28.md#results
https://awards.acm.org/award-recipients/reuter_2059137,"Reuter, Andreas",2026-09-28T19:29:03.581003-04:00,,not_found,2026-09-28T19:29:03.581003-04:00,docs/scholar_missing_next30_2026-09-28.md#results
https://awards.acm.org/award-recipients/shor_UJ26384,"Shor, Peter W",2026-09-28T19:29:03.581003-04:00,,not_found,2026-09-28T19:29:03.581003-04:00,docs/scholar_missing_next30_2026-09-28.md#results
https://awards.acm.org/award-recipients/singh_3869211,"Singh, Mona",2026-09-28T19:29:03.581003-04:00,,not_found,2026-09-28T19:29:03.581003-04:00,docs/scholar_missing_next30_2026-09-28.md#results
https://awards.acm.org/award-recipients/vishnoi_3313941,"Vishnoi, Nisheeth Kumar",2026-09-28T19:29:03.581003-04:00,,not_found,2026-09-28T19:29:03.581003-04:00,docs/scholar_missing_next30_2026-09-28.md#results
https://awards.acm.org/award-recipients/gerla_6390231,"Gerla, Mario",2026-09-28T19:29:03.581003-04:00,https://scholar.google.com/citations?user=mO3xwbwAAAAJ,inaccessible,2026-09-28T19:32:50.760776-04:00,docs/scholar_missing_next30_2026-09-28.md#subsequent-user-availability-check
https://awards.acm.org/award-recipients/isbell_8161655,"Isbell, Charles Lee",2026-09-28T19:29:03.581003-04:00,,not_found,2026-09-28T19:29:03.581003-04:00,docs/scholar_missing_next30_2026-09-28.md#results
https://awards.acm.org/award-recipients/leighton_3453302,"Leighton, Tom",2026-09-28T19:29:03.581003-04:00,,not_found,2026-09-28T19:29:03.581003-04:00,docs/scholar_missing_next30_2026-09-28.md#results
https://awards.acm.org/award-recipients/parulkar_2949303,"Parulkar, Gurudatta",2026-09-28T19:29:03.581003-04:00,,not_found,2026-09-28T19:29:03.581003-04:00,docs/scholar_missing_next30_2026-09-28.md#results
https://awards.acm.org/award-recipients/pitassi_8619645,"Pitassi, Toniann",2026-09-28T19:29:03.581003-04:00,,not_found,2026-09-28T19:29:03.581003-04:00,docs/scholar_missing_next30_2026-09-28.md#results
https://awards.acm.org/award-recipients/wigderson_3844537,"Wigderson, Avi",2026-09-28T19:29:03.581003-04:00,,not_found,2026-09-28T19:29:03.581003-04:00,docs/scholar_missing_next30_2026-09-28.md#results
https://awards.acm.org/award-recipients/gomes_3449980,"Gomes, Carla",2026-09-28T19:29:03.581003-04:00,,not_found,2026-09-28T19:29:03.581003-04:00,docs/scholar_missing_next30_2026-09-28.md#results
https://awards.acm.org/award-recipients/hand_UJ74035,"Hand, Steven Michael",2026-09-28T19:29:03.581003-04:00,https://scholar.google.com/citations?user=QE17xR4AAAAJ,wrong_person,2026-09-28T19:29:03.581003-04:00,docs/scholar_missing_next30_2026-09-28.md#results
https://awards.acm.org/award-recipients/lynch_1428184,"Lynch, Clifford A",2026-09-28T19:29:03.581003-04:00,,not_found,2026-09-28T19:29:03.581003-04:00,docs/scholar_missing_next30_2026-09-28.md#results
https://awards.acm.org/award-recipients/micali_9954407,"Micali, Silvio",2026-09-28T19:29:03.581003-04:00,,not_found,2026-09-28T19:29:03.581003-04:00,docs/scholar_missing_next30_2026-09-28.md#results
https://awards.acm.org/award-recipients/sipser_1534403,"Sipser, Michael",2026-09-28T19:29:03.581003-04:00,,not_found,2026-09-28T19:29:03.581003-04:00,docs/scholar_missing_next30_2026-09-28.md#results
https://awards.acm.org/award-recipients/bianchini_3969516,"Bianchini, Ricardo",2026-09-28T19:29:03.581003-04:00,,not_found,2026-09-28T22:40:26.252611-04:00,docs/scholar_missing_next30_2026-09-28.md#user-rejection-of-invalid-directory-leads
https://awards.acm.org/award-recipients/jackson_N984229,"Jackson, Daniel",2026-09-28T19:29:03.581003-04:00,https://scholar.google.com/citations?user=PXY96lkAAAAJ,inaccessible,2026-09-28T19:32:07.054057-04:00,docs/scholar_missing_next30_2026-09-28.md#subsequent-user-availability-check
https://awards.acm.org/award-recipients/kannan_0345975,"Kannan, Ravi",2026-09-28T19:29:03.581003-04:00,https://scholar.google.com/citations?user=4oW5Q1wAAAAJ,inaccessible,2026-09-28T19:33:38.997633-04:00,docs/scholar_missing_next30_2026-09-28.md#subsequent-user-availability-check
https://awards.acm.org/award-recipients/leino_3322476,"Leino, K. Rustan M.",2026-09-28T19:29:03.581003-04:00,https://scholar.google.com/citations?user=mGYQLekAAAAJ,wrong_person,2026-09-28T19:34:26.945981-04:00,docs/scholar_missing_next30_2026-09-28.md#subsequent-user-availability-check
https://awards.acm.org/award-recipients/perlman_0754474,"Perlman, Radia",2026-09-28T19:29:03.581003-04:00,,not_found,2026-09-28T19:29:03.581003-04:00,docs/scholar_missing_next30_2026-09-28.md#results
https://awards.acm.org/award-recipients/mei_8736937,"Mei, Hong",2026-09-28T19:44:05.899604-04:00,https://scholar.google.com/citations?user=QMIdsa8AAAAJ,accepted,2026-09-28T19:44:05.899604-04:00,docs/scholar_missing_next30_2026-09-28.md#subsequent-user-accepted-profiles
https://awards.acm.org/award-recipients/mount_2204550,"Mount, David M",2026-09-28T19:44:05.899604-04:00,https://scholar.google.com/citations?user=QNkNlu4AAAAJ,accepted,2026-09-28T19:44:05.899604-04:00,docs/scholar_missing_next30_2026-09-28.md#subsequent-user-accepted-profiles
https://awards.acm.org/award-recipients/ricart_1241702,"Ricart, Glenn",2026-09-28T19:44:05.899604-04:00,https://scholar.google.com/citations?user=1gWf6F0AAAAJ,accepted,2026-09-28T19:44:05.899604-04:00,docs/scholar_missing_next30_2026-09-28.md#subsequent-user-accepted-profiles
https://awards.acm.org/award-recipients/dwork_5162449,"Dwork, Cynthia",2026-09-28T19:58:04.002723-04:00,https://scholar.google.com/citations?user=pxeyQ_QAAAAJ,inaccessible,2026-09-28T19:58:04.002723-04:00,docs/scholar_missing_batch3_2026-09-28.md#results
https://awards.acm.org/award-recipients/fall_4550307,"Fall, Kevin",2026-09-28T19:58:04.002723-04:00,https://scholar.google.com/citations?user=g848MeMAAAAJ,wrong_person,2026-09-28T19:58:04.002723-04:00,docs/scholar_missing_batch3_2026-09-28.md#results
https://awards.acm.org/award-recipients/franz_3053576,"Franz, Michael",2026-09-28T19:58:04.002723-04:00,,not_found,2026-09-28T19:58:04.002723-04:00,docs/scholar_missing_batch3_2026-09-28.md#results
https://awards.acm.org/award-recipients/guha_1031819,"Guha, Ramanathan",2026-09-28T19:58:04.002723-04:00,https://scholar.google.com/citations?user=wMxEtKgAAAAJ,inaccessible,2026-09-28T19:58:04.002723-04:00,docs/scholar_missing_batch3_2026-09-28.md#results
https://awards.acm.org/award-recipients/bachman_9385610,"Bachman, Charles W",2026-09-28T19:58:04.002723-04:00,,not_found,2026-09-28T19:58:04.002723-04:00,docs/scholar_missing_batch3_2026-09-28.md#results
https://awards.acm.org/award-recipients/ellen_1645878,"Ellen, Faith",2026-09-28T19:58:04.002723-04:00,,not_found,2026-09-28T19:58:04.002723-04:00,docs/scholar_missing_batch3_2026-09-28.md#results
https://awards.acm.org/award-recipients/elliott_4552162,"Elliott, Chip",2026-09-28T19:58:04.002723-04:00,,not_found,2026-09-28T19:58:04.002723-04:00,docs/scholar_missing_batch3_2026-09-28.md#results
https://awards.acm.org/award-recipients/gosling_9843418,"Gosling, James",2026-09-28T19:58:04.002723-04:00,,not_found,2026-09-28T19:58:04.002723-04:00,docs/scholar_missing_batch3_2026-09-28.md#results
https://awards.acm.org/award-recipients/kasik_1266766,"Kasik, David J",2026-09-28T19:58:04.002723-04:00,https://scholar.google.com/citations?user=j2vMBDgAAAAJ,accepted,2026-09-28T20:11:15.620878-04:00,docs/kasik_scholar_review_2026-09-28.md#disposition
https://awards.acm.org/award-recipients/robertson_N024075,"Robertson, S E",2026-09-28T19:58:04.002723-04:00,,not_found,2026-09-28T19:58:04.002723-04:00,docs/scholar_missing_batch3_2026-09-28.md#results
https://awards.acm.org/award-recipients/shavit_4451837,"Shavit, Nir N",2026-09-28T19:58:04.002723-04:00,https://scholar.google.com/citations?user=f1NaDVgAAAAJ,inaccessible,2026-09-28T19:58:04.002723-04:00,docs/scholar_missing_batch3_2026-09-28.md#results
https://awards.acm.org/award-recipients/grudin_3028016,"Grudin, Jonathan",2026-09-28T19:58:04.002723-04:00,,not_found,2026-09-28T19:58:04.002723-04:00,docs/scholar_missing_batch3_2026-09-28.md#results
https://awards.acm.org/award-recipients/hershberger_2869725,"Hershberger, John",2026-09-28T19:58:04.002723-04:00,,not_found,2026-09-28T19:58:04.002723-04:00,docs/scholar_missing_batch3_2026-09-28.md#results
https://awards.acm.org/award-recipients/kitsuregawa_4334298,"Kitsuregawa, Masaru",2026-09-28T19:58:04.002723-04:00,,not_found,2026-09-28T22:40:26.252611-04:00,docs/scholar_missing_batch3_2026-09-28.md#user-rejection-of-invalid-directory-leads
https://awards.acm.org/award-recipients/scott_3157930,"Scott, Steven",2026-09-28T19:58:04.002723-04:00,,not_found,2026-09-28T19:58:04.002723-04:00,docs/scholar_missing_batch3_2026-09-28.md#results
https://awards.acm.org/award-recipients/sinclair_6148019,"Sinclair, Alistair",2026-09-28T19:58:04.002723-04:00,,not_found,2026-09-28T19:58:04.002723-04:00,docs/scholar_missing_batch3_2026-09-28.md#results
https://awards.acm.org/award-recipients/ebeling_1915388,"Ebeling, Carl",2026-09-28T19:58:04.002723-04:00,,not_found,2026-09-28T19:58:04.002723-04:00,docs/scholar_missing_batch3_2026-09-28.md#results
https://awards.acm.org/award-recipients/gifford_1281641,"Gifford, David K",2026-09-28T19:58:04.002723-04:00,,not_found,2026-09-28T19:58:04.002723-04:00,docs/scholar_missing_batch3_2026-09-28.md#results
https://awards.acm.org/award-recipients/magnusson_4793956,"Magnusson, Peter",2026-09-28T19:58:04.002723-04:00,,not_found,2026-09-28T19:58:04.002723-04:00,docs/scholar_missing_batch3_2026-09-28.md#results
https://awards.acm.org/award-recipients/sanguinetti_1372366,"Sanguinetti, John",2026-09-28T19:58:04.002723-04:00,,not_found,2026-09-28T19:58:04.002723-04:00,docs/scholar_missing_batch3_2026-09-28.md#results
https://awards.acm.org/award-recipients/singhal_3910767,"Singhal, Amit",2026-09-28T19:58:04.002723-04:00,,not_found,2026-09-28T19:58:04.002723-04:00,docs/scholar_missing_batch3_2026-09-28.md#results
https://awards.acm.org/award-recipients/zadeck_1746114,"Zadeck, Frank Kenneth",2026-09-28T19:58:04.002723-04:00,,not_found,2026-09-28T19:58:04.002723-04:00,docs/scholar_missing_batch3_2026-09-28.md#results
https://awards.acm.org/award-recipients/barroso_UJ31885,"Barroso, Luiz Andre",2026-09-28T19:58:04.002723-04:00,https://scholar.google.com/citations?user=7stTzUMAAAAJ,inaccessible,2026-09-28T19:59:32.288190-04:00,docs/scholar_missing_batch3_2026-09-28.md#subsequent-user-decision
https://awards.acm.org/award-recipients/cytron_3335866,"Cytron, Ron",2026-09-28T19:58:04.002723-04:00,,not_found,2026-09-28T19:58:04.002723-04:00,docs/scholar_missing_batch3_2026-09-28.md#results
https://awards.acm.org/award-recipients/ellis_1446368,"Ellis, Carla S.",2026-09-28T19:58:04.002723-04:00,,not_found,2026-09-28T19:58:04.002723-04:00,docs/scholar_missing_batch3_2026-09-28.md#results
https://awards.acm.org/award-recipients/kossmann_4175188,"Kossmann, Donald",2026-09-28T19:58:04.002723-04:00,,not_found,2026-09-28T19:58:04.002723-04:00,docs/scholar_missing_batch3_2026-09-28.md#results
https://awards.acm.org/award-recipients/schnabel_1716240,"Schnabel, Robert B",2026-09-28T19:58:04.002723-04:00,,not_found,2026-09-28T19:58:04.002723-04:00,docs/scholar_missing_batch3_2026-09-28.md#results
https://awards.acm.org/award-recipients/trimberger_2649929,"Trimberger, Stephen",2026-09-28T19:58:04.002723-04:00,,not_found,2026-09-28T19:58:04.002723-04:00,docs/scholar_missing_batch3_2026-09-28.md#results
https://awards.acm.org/award-recipients/bhatkar_1843762,"Bhatkar, Vijay P",2026-09-28T19:58:04.002723-04:00,https://scholar.google.com/citations?user=No70ie0AAAAJ,wrong_person,2026-09-28T19:58:04.002723-04:00,docs/scholar_missing_batch3_2026-09-28.md#results
https://awards.acm.org/award-recipients/borriello_2947281,"Borriello, Gaetano",2026-09-28T19:58:04.002723-04:00,https://scholar.google.com/citations?user=wUS-iRsAAAAJ,inaccessible,2026-09-28T19:58:04.002723-04:00,docs/scholar_missing_batch3_2026-09-28.md#results
https://awards.acm.org/award-recipients/dale_1569201,"Dale, Nell Boylan",2026-09-28T20:22:54.683826-04:00,,not_found,2026-09-28T20:22:54.683826-04:00,docs/scholar_missing_batch4_2026-09-28.md#results
https://awards.acm.org/award-recipients/dean_2879385,"Dean, Jeffrey A",2026-09-28T20:22:54.683826-04:00,https://scholar.google.com/citations?user=NMS69lQAAAAJ,inaccessible,2026-09-28T20:22:54.683826-04:00,docs/scholar_missing_batch4_2026-09-28.md#results
https://awards.acm.org/award-recipients/fischer_1311901,"Fischer, Gerhard",2026-09-28T20:22:54.683826-04:00,https://scholar.google.com/citations?user=NJSK64sAAAAJ,accepted,2026-09-28T20:24:24.051883-04:00,docs/scholar_missing_batch4_2026-09-28.md#subsequent-user-acceptance
https://awards.acm.org/award-recipients/hendren_2327567,"Hendren, Laurie J",2026-09-28T20:22:54.683826-04:00,https://scholar.google.com/citations?user=uouHKIkAAAAJ,inaccessible,2026-09-28T20:22:54.683826-04:00,docs/scholar_missing_batch4_2026-09-28.md#results
https://awards.acm.org/award-recipients/jahanian_4428199,"Jahanian, Farnam",2026-09-28T20:22:54.683826-04:00,,not_found,2026-09-28T20:22:54.683826-04:00,docs/scholar_missing_batch4_2026-09-28.md#results
https://awards.acm.org/award-recipients/lui_4411187,"Lui, John Chi-Shing",2026-09-28T20:22:54.683826-04:00,,not_found,2026-09-28T20:22:54.683826-04:00,docs/scholar_missing_batch4_2026-09-28.md#results
https://awards.acm.org/award-recipients/selinger_UK15837,"Selinger, Patricia G.",2026-09-28T20:22:54.683826-04:00,,not_found,2026-09-28T20:22:54.683826-04:00,docs/scholar_missing_batch4_2026-09-28.md#results
https://awards.acm.org/award-recipients/shyamasundar_4395026,"Shyamasundar, Rudrapatna K",2026-09-28T20:22:54.683826-04:00,https://scholar.google.com/citations?user=gNhIpRwAAAAJ,rejected_quality,2026-09-28T20:22:54.683826-04:00,docs/scholar_missing_batch4_2026-09-28.md#results
https://awards.acm.org/award-recipients/thekkath_3725660,"Thekkath, Chandramohan A",2026-09-28T20:22:54.683826-04:00,https://scholar.google.com/citations?user=B_uwswQAAAAJ,inaccessible,2026-09-28T20:22:54.683826-04:00,docs/scholar_missing_batch4_2026-09-28.md#results
https://awards.acm.org/award-recipients/winograd_2634855,"Winograd, Terry",2026-09-28T20:22:54.683826-04:00,,not_found,2026-09-28T20:22:54.683826-04:00,docs/scholar_missing_batch4_2026-09-28.md#results
https://awards.acm.org/award-recipients/cook_4412276,"Cook, Perry",2026-09-28T20:22:54.683826-04:00,https://scholar.google.com/citations?user=ajVR5gEAAAAJ,inaccessible,2026-09-28T20:22:54.683826-04:00,docs/scholar_missing_batch4_2026-09-28.md#results
https://awards.acm.org/award-recipients/davidson_1513993,"Davidson, Jack",2026-09-28T20:22:54.683826-04:00,,not_found,2026-09-28T20:22:54.683826-04:00,docs/scholar_missing_batch4_2026-09-28.md#results
https://awards.acm.org/award-recipients/dayal_CR54528,"Dayal, Umeshwar",2026-09-28T20:22:54.683826-04:00,,not_found,2026-09-28T20:22:54.683826-04:00,docs/scholar_missing_batch4_2026-09-28.md#results
https://awards.acm.org/award-recipients/house_4788345,"House, Charles H",2026-09-28T20:22:54.683826-04:00,,not_found,2026-09-28T20:22:54.683826-04:00,docs/scholar_missing_batch4_2026-09-28.md#results
https://awards.acm.org/award-recipients/humphrey_1884790,"Humphrey, Watts S",2026-09-28T20:22:54.683826-04:00,,not_found,2026-09-28T20:22:54.683826-04:00,docs/scholar_missing_batch4_2026-09-28.md#results
https://awards.acm.org/award-recipients/kay_3972189,"Kay, Alan",2026-09-28T20:22:54.683826-04:00,,not_found,2026-09-28T20:22:54.683826-04:00,docs/scholar_missing_batch4_2026-09-28.md#results
https://awards.acm.org/award-recipients/levin_1310671,"Levin, Roy",2026-09-28T20:22:54.683826-04:00,,not_found,2026-09-28T20:22:54.683826-04:00,docs/scholar_missing_batch4_2026-09-28.md#results
https://awards.acm.org/award-recipients/lowney_1760495,"Lowney, Paul G",2026-09-28T20:22:54.683826-04:00,,not_found,2026-09-28T20:22:54.683826-04:00,docs/scholar_missing_batch4_2026-09-28.md#results
https://awards.acm.org/award-recipients/moses_1041961,"Moses, Joel",2026-09-28T20:22:54.683826-04:00,,not_found,2026-09-28T20:22:54.683826-04:00,docs/scholar_missing_batch4_2026-09-28.md#results
https://awards.acm.org/award-recipients/rosenblum_4094918,"Rosenblum, Mendel",2026-09-28T20:22:54.683826-04:00,,not_found,2026-09-28T20:22:54.683826-04:00,docs/scholar_missing_batch4_2026-09-28.md#results
https://awards.acm.org/award-recipients/banerjee_1882547,"Banerjee, Utpal",2026-09-28T20:22:54.683826-04:00,,not_found,2026-09-28T20:22:54.683826-04:00,docs/scholar_missing_batch4_2026-09-28.md#results
https://awards.acm.org/award-recipients/beeri_1289180,"Beeri, Catriel",2026-09-28T20:22:54.683826-04:00,,not_found,2026-09-28T20:22:54.683826-04:00,docs/scholar_missing_batch4_2026-09-28.md#results
https://awards.acm.org/award-recipients/feigenbaum_4167235,"Feigenbaum, Edward A",2026-09-28T20:22:54.683826-04:00,,not_found,2026-09-28T20:22:54.683826-04:00,docs/scholar_missing_batch4_2026-09-28.md#results
https://awards.acm.org/award-recipients/gao_1954601,"Gao, Guang",2026-09-28T20:22:54.683826-04:00,https://scholar.google.com/citations?user=KYj0CvEAAAAJ,inaccessible,2026-09-28T20:22:54.683826-04:00,docs/scholar_missing_batch4_2026-09-28.md#results
https://awards.acm.org/award-recipients/klensin_1101344,"Klensin, John C",2026-09-28T20:22:54.683826-04:00,,not_found,2026-09-28T20:22:54.683826-04:00,docs/scholar_missing_batch4_2026-09-28.md#results
https://awards.acm.org/award-recipients/motwani_4305223,"Motwani, Rajeev",2026-09-28T20:37:29.693709-04:00,https://scholar.google.com/citations?user=PicFgrAAAAAJ,inaccessible,2026-09-28T20:37:29.693709-04:00,docs/scholar_missing_batch5_2026-09-28.md#results
https://awards.acm.org/award-recipients/motwani_4305223,"Motwani, Rajeev",2026-09-28T20:37:29.693709-04:00,https://scholar.google.com/citations?user=8KDwlbEAAAAJ,wrong_person,2026-09-28T20:37:29.693709-04:00,docs/scholar_missing_batch5_2026-09-28.md#results
https://awards.acm.org/award-recipients/pausch_3279411,"Pausch, Randy",2026-09-28T20:37:29.693709-04:00,,not_found,2026-09-28T20:37:29.693709-04:00,docs/scholar_missing_batch5_2026-09-28.md#results
https://awards.acm.org/award-recipients/pnueli_4725172,"Pnueli, Amir",2026-09-28T20:37:29.693709-04:00,,not_found,2026-09-28T20:37:29.693709-04:00,docs/scholar_missing_batch5_2026-09-28.md#results
https://awards.acm.org/award-recipients/requicha_1452523,"Requicha, Aristides",2026-09-28T20:37:29.693709-04:00,,not_found,2026-09-28T20:37:29.693709-04:00,docs/scholar_missing_batch5_2026-09-28.md#results
https://awards.acm.org/award-recipients/roberts_2086759,"Roberts, Eric S",2026-09-28T20:37:29.693709-04:00,,not_found,2026-09-28T20:37:29.693709-04:00,docs/scholar_missing_batch5_2026-09-28.md#results
https://awards.acm.org/award-recipients/thomas_1644756,"Thomas, Donald E",2026-09-28T20:37:29.693709-04:00,,not_found,2026-09-28T20:37:29.693709-04:00,docs/scholar_missing_batch5_2026-09-28.md#results
https://awards.acm.org/award-recipients/fayyad_5186069,"Fayyad, Usama M",2026-09-28T20:37:29.693709-04:00,https://scholar.google.com/citations?user=RlpTB_UAAAAJ,accepted,2026-09-28T20:39:50.643464-04:00,docs/scholar_missing_batch5_2026-09-28.md#subsequent-user-acceptance
https://awards.acm.org/award-recipients/greenberg_3415148,"Greenberg, Albert G",2026-09-28T20:37:29.693709-04:00,,not_found,2026-09-28T20:37:29.693709-04:00,docs/scholar_missing_batch5_2026-09-28.md#results
https://awards.acm.org/award-recipients/hearn_1069624,"Hearn, Anthony C",2026-09-28T20:37:29.693709-04:00,,not_found,2026-09-28T20:37:29.693709-04:00,docs/scholar_missing_batch5_2026-09-28.md#results
https://awards.acm.org/award-recipients/newell_CL65900,"Newell, Alan",2026-09-28T20:37:29.693709-04:00,,not_found,2026-09-28T20:37:29.693709-04:00,docs/scholar_missing_batch5_2026-09-28.md#results
https://awards.acm.org/award-recipients/norvig_4663209,"Norvig, Peter",2026-09-28T20:37:29.693709-04:00,https://scholar.google.com/citations?user=Ol0vcWgAAAAJ,inaccessible,2026-09-28T20:37:29.693709-04:00,docs/scholar_missing_batch5_2026-09-28.md#results
https://awards.acm.org/award-recipients/olsen_2000610,"Olsen, Dan R",2026-09-28T20:37:29.693709-04:00,,not_found,2026-09-28T20:37:29.693709-04:00,docs/scholar_missing_batch5_2026-09-28.md#results
https://awards.acm.org/award-recipients/spector_CR79707,"Spector, Alfred Z",2026-09-28T20:37:29.693709-04:00,,not_found,2026-09-28T20:37:29.693709-04:00,docs/scholar_missing_batch5_2026-09-28.md#results
https://awards.acm.org/award-recipients/vianu_2108660,"Vianu, Victor",2026-09-28T20:37:29.693709-04:00,https://scholar.google.com/citations?user=CK_GLC8AAAAJ,inaccessible,2026-09-28T20:37:29.693709-04:00,docs/scholar_missing_batch5_2026-09-28.md#results
https://awards.acm.org/award-recipients/york_1471234,"York, Bryant W",2026-09-28T20:37:29.693709-04:00,,not_found,2026-09-28T20:37:29.693709-04:00,docs/scholar_missing_batch5_2026-09-28.md#results
https://awards.acm.org/award-recipients/bourne_4808457,"Bourne, Stephen",2026-09-28T20:37:29.693709-04:00,,not_found,2026-09-28T20:37:29.693709-04:00,docs/scholar_missing_batch5_2026-09-28.md#results
https://awards.acm.org/award-recipients/brooks_2810307,"Brooks, Rodney A",2026-09-28T20:37:29.693709-04:00,https://scholar.google.com/citations?user=BCGgwlEAAAAJ,accepted,2026-09-28T20:39:50.643464-04:00,docs/scholar_missing_batch5_2026-09-28.md#subsequent-user-acceptance
https://awards.acm.org/award-recipients/dubois_2626471,"Dubois, Michel",2026-09-28T20:37:29.693709-04:00,https://scholar.google.com/citations?user=DreIyPUAAAAJ,wrong_person,2026-09-28T20:37:29.693709-04:00,docs/scholar_missing_batch5_2026-09-28.md#results
https://awards.acm.org/award-recipients/vazirani_UK41587,"Vazirani, Umesh",2026-09-28T20:37:29.693709-04:00,https://scholar.google.com/citations?user=8eB7Q1kAAAAJ,wrong_person,2026-09-28T20:37:29.693709-04:00,docs/scholar_missing_batch5_2026-09-28.md#results
https://awards.acm.org/award-recipients/bubenko_1033935,"Bubenko, Janis A",2026-09-28T20:37:29.693709-04:00,https://scholar.google.com/citations?user=JbioEFgAAAAJ,wrong_person,2026-09-28T20:37:29.693709-04:00,docs/scholar_missing_batch5_2026-09-28.md#results
https://awards.acm.org/award-recipients/collins_1005040,"Collins, George E",2026-09-28T20:37:29.693709-04:00,,not_found,2026-09-28T20:37:29.693709-04:00,docs/scholar_missing_batch5_2026-09-28.md#results
https://awards.acm.org/award-recipients/hanson_4186888,"Hanson, Vicki",2026-09-28T20:37:29.693709-04:00,,not_found,2026-09-28T20:37:29.693709-04:00,docs/scholar_missing_batch5_2026-09-28.md#results
https://awards.acm.org/award-recipients/lee_2941862,"Lee, Peter",2026-09-28T20:37:29.693709-04:00,,not_found,2026-09-28T20:37:29.693709-04:00,docs/scholar_missing_batch5_2026-09-28.md#results
https://awards.acm.org/award-recipients/mockapetris_3342151,"Mockapetris, Paul",2026-09-28T20:37:29.693709-04:00,,not_found,2026-09-28T20:37:29.693709-04:00,docs/scholar_missing_batch5_2026-09-28.md#results
https://awards.acm.org/award-recipients/schantz_5183520,"Schantz, Richard",2026-09-28T20:37:29.693709-04:00,,not_found,2026-09-28T20:37:29.693709-04:00,docs/scholar_missing_batch5_2026-09-28.md#results
https://awards.acm.org/award-recipients/schroeder_1238062,"Schroeder, Michael D",2026-09-28T20:48:58.024984-04:00,https://scholar.google.com/citations?user=mPzCK6EAAAAJ,inaccessible,2026-09-28T20:48:58.024984-04:00,docs/scholar_missing_batch6_2026-09-28.md#results
https://awards.acm.org/award-recipients/vassiliadis_4108874,"Vassiliadis, Stamatis",2026-09-28T20:48:58.024984-04:00,,not_found,2026-09-28T20:48:58.024984-04:00,docs/scholar_missing_batch6_2026-09-28.md#results
https://awards.acm.org/award-recipients/wise_1041425,"Wise, David S",2026-09-28T20:48:58.024984-04:00,,not_found,2026-09-28T20:48:58.024984-04:00,docs/scholar_missing_batch6_2026-09-28.md#results
https://awards.acm.org/award-recipients/grosz_4546370,"Grosz, Barbara J",2026-09-28T20:48:58.024984-04:00,https://scholar.google.com/citations?user=8wU5z7UAAAAJ,inaccessible,2026-09-28T20:48:58.024984-04:00,docs/scholar_missing_batch6_2026-09-28.md#results
https://awards.acm.org/award-recipients/harrold_3125325,"Harrold, Mary",2026-09-28T20:48:58.024984-04:00,,not_found,2026-09-28T20:48:58.024984-04:00,docs/scholar_missing_batch6_2026-09-28.md#results
https://awards.acm.org/award-recipients/sohi_2601045,"Sohi, Gurindar S",2026-09-28T20:48:58.024984-04:00,,not_found,2026-09-28T20:48:58.024984-04:00,docs/scholar_missing_batch6_2026-09-28.md#results
https://awards.acm.org/award-recipients/vanrijsbergen_1908771,"Van Rijsbergen, C J",2026-09-28T20:48:58.024984-04:00,,not_found,2026-09-28T20:48:58.024984-04:00,docs/scholar_missing_batch6_2026-09-28.md#results
https://awards.acm.org/award-recipients/gabow_1396977,"Gabow, Harold N",2026-09-28T20:48:58.024984-04:00,,not_found,2026-09-28T20:48:58.024984-04:00,docs/scholar_missing_batch6_2026-09-28.md#results
https://awards.acm.org/award-recipients/goyal_4690640,"Goyal, Ambuj",2026-09-28T20:48:58.024984-04:00,,not_found,2026-09-28T20:48:58.024984-04:00,docs/scholar_missing_batch6_2026-09-28.md#results
https://awards.acm.org/award-recipients/karin_1343664,"Karin, Sidney",2026-09-28T20:48:58.024984-04:00,,not_found,2026-09-28T20:48:58.024984-04:00,docs/scholar_missing_batch6_2026-09-28.md#results
https://awards.acm.org/award-recipients/lomet_1036250,"Lomet, David B",2026-09-28T20:48:58.024984-04:00,,not_found,2026-09-28T20:48:58.024984-04:00,docs/scholar_missing_batch6_2026-09-28.md#results
https://awards.acm.org/award-recipients/rau_3746435,"Rau, Bantwal R",2026-09-28T20:48:58.024984-04:00,,not_found,2026-09-28T20:48:58.024984-04:00,docs/scholar_missing_batch6_2026-09-28.md#results
https://awards.acm.org/award-recipients/aiken_1056878,"Aiken, Robert",2026-09-28T20:48:58.024984-04:00,,not_found,2026-09-28T20:48:58.024984-04:00,docs/scholar_missing_batch6_2026-09-28.md#results
https://awards.acm.org/award-recipients/birnbaum_4128302,"Birnbaum, Joel S",2026-09-28T20:48:58.024984-04:00,,not_found,2026-09-28T20:48:58.024984-04:00,docs/scholar_missing_batch6_2026-09-28.md#results
https://awards.acm.org/award-recipients/borning_1966373,"Borning, Alan H",2026-09-28T20:48:58.024984-04:00,,not_found,2026-09-28T20:48:58.024984-04:00,docs/scholar_missing_batch6_2026-09-28.md#results
https://awards.acm.org/award-recipients/breitbart_1464148,"Breitbart, Yuri",2026-09-28T20:48:58.024984-04:00,,not_found,2026-09-28T20:48:58.024984-04:00,docs/scholar_missing_batch6_2026-09-28.md#results
https://awards.acm.org/award-recipients/farber_1012145,"Farber, David J.",2026-09-28T20:48:58.024984-04:00,,not_found,2026-09-28T20:48:58.024984-04:00,docs/scholar_missing_batch6_2026-09-28.md#results
https://awards.acm.org/award-recipients/ferrari_1139658,"Ferrari, Domenico",2026-09-28T20:48:58.024984-04:00,,not_found,2026-09-28T20:48:58.024984-04:00,docs/scholar_missing_batch6_2026-09-28.md#results
https://awards.acm.org/award-recipients/floyd_2769651,"Floyd, Sally J",2026-09-28T20:48:58.024984-04:00,,not_found,2026-09-28T20:48:58.024984-04:00,docs/scholar_missing_batch6_2026-09-28.md#results
https://awards.acm.org/award-recipients/iyer_3188174,"Iyer, Ravishankar",2026-09-28T20:48:58.024984-04:00,,not_found,2026-09-28T20:48:58.024984-04:00,docs/scholar_missing_batch6_2026-09-28.md#results
https://awards.acm.org/award-recipients/jaja_1772425,"Jaja, Joseph F",2026-09-28T20:48:58.024984-04:00,,not_found,2026-09-28T20:48:58.024984-04:00,docs/scholar_missing_batch6_2026-09-28.md#results
https://awards.acm.org/award-recipients/kahn_4598637,"Kahn, Robert E",2026-09-28T20:48:58.024984-04:00,,not_found,2026-09-28T20:48:58.024984-04:00,docs/scholar_missing_batch6_2026-09-28.md#results
https://awards.acm.org/award-recipients/kieburtz_1119536,"Kieburtz, Richard B",2026-09-28T20:48:58.024984-04:00,,not_found,2026-09-28T20:48:58.024984-04:00,docs/scholar_missing_batch6_2026-09-28.md#results
https://awards.acm.org/award-recipients/pancake_2697159,"Pancake, Cherri M",2026-09-28T20:48:58.024984-04:00,,not_found,2026-09-28T20:48:58.024984-04:00,docs/scholar_missing_batch6_2026-09-28.md#results
https://awards.acm.org/award-recipients/parker_1004340,"Parker, Donn B",2026-09-28T20:48:58.024984-04:00,,not_found,2026-09-28T20:48:58.024984-04:00,docs/scholar_missing_batch6_2026-09-28.md#results
https://awards.acm.org/award-recipients/pohl_1059500,"Pohl, Ira",2026-09-28T20:56:29.891595-04:00,,not_found,2026-09-28T20:56:29.891595-04:00,docs/scholar_missing_batch7_2026-09-28.md#results
https://awards.acm.org/award-recipients/reynolds_1030899,"Reynolds, John C",2026-09-28T20:56:29.891595-04:00,,not_found,2026-09-28T20:56:29.891595-04:00,docs/scholar_missing_batch7_2026-09-28.md#results
https://awards.acm.org/award-recipients/robertson_1080837,"Robertson, George",2026-09-28T20:56:29.891595-04:00,,not_found,2026-09-28T20:56:29.891595-04:00,docs/scholar_missing_batch7_2026-09-28.md#results
https://awards.acm.org/award-recipients/schlichting_1498310,"Schlichting, Richard D",2026-09-28T20:56:29.891595-04:00,https://scholar.google.com/citations?user=K2We_X0AAAAJ,inaccessible,2026-09-28T20:56:29.891595-04:00,docs/scholar_missing_batch7_2026-09-28.md#results
https://awards.acm.org/award-recipients/smith_1240373,"Smith, Alan J",2026-09-28T20:56:29.891595-04:00,,not_found,2026-09-28T20:56:29.891595-04:00,docs/scholar_missing_batch7_2026-09-28.md#results
https://awards.acm.org/award-recipients/steinmetz_2492122,"Steinmetz, Ralf",2026-09-28T20:56:29.891595-04:00,https://scholar.google.com/citations?user=S8m0ZkkAAAAJ,inaccessible,2026-09-28T20:56:29.891595-04:00,docs/scholar_missing_batch7_2026-09-28.md#results
https://awards.acm.org/award-recipients/banerjee_2526747,"Banerjee, Prithviraj",2026-09-28T20:56:29.891595-04:00,,not_found,2026-09-28T20:56:29.891595-04:00,docs/scholar_missing_batch7_2026-09-28.md#results
https://awards.acm.org/award-recipients/bhuyan_2311272,"Bhuyan, Laxmi Narayan",2026-09-28T20:56:29.891595-04:00,https://scholar.google.com/citations?user=EITmT94AAAAJ,accepted,2026-09-28T21:00:08.370483-04:00,docs/scholar_missing_batch7_2026-09-28.md#subsequent-user-acceptance
https://awards.acm.org/award-recipients/biermann_1129477,"Biermann, Alan W",2026-09-28T20:56:29.891595-04:00,,not_found,2026-09-28T20:56:29.891595-04:00,docs/scholar_missing_batch7_2026-09-28.md#results
https://awards.acm.org/award-recipients/duncan_1117605,"Duncan, Karen",2026-09-28T20:56:29.891595-04:00,,not_found,2026-09-28T20:56:29.891595-04:00,docs/scholar_missing_batch7_2026-09-28.md#results
https://awards.acm.org/award-recipients/haderle_2651198,"Haderle, Donald J",2026-09-28T20:56:29.891595-04:00,,not_found,2026-09-28T20:56:29.891595-04:00,docs/scholar_missing_batch7_2026-09-28.md#results
https://awards.acm.org/award-recipients/kleinrock_1081546,"Kleinrock, Leonard",2026-09-28T20:56:29.891595-04:00,,not_found,2026-09-28T20:56:29.891595-04:00,docs/scholar_missing_batch7_2026-09-28.md#results
https://awards.acm.org/award-recipients/lorie_4303566,"Lorie, Raymond A",2026-09-28T20:56:29.891595-04:00,,not_found,2026-09-28T20:56:29.891595-04:00,docs/scholar_missing_batch7_2026-09-28.md#results
https://awards.acm.org/award-recipients/loveland_1010602,"Loveland, Donald W",2026-09-28T20:56:29.891595-04:00,,not_found,2026-09-28T20:56:29.891595-04:00,docs/scholar_missing_batch7_2026-09-28.md#results
https://awards.acm.org/award-recipients/meyer_1215300,"Meyer, Albert R",2026-09-28T20:56:29.891595-04:00,,not_found,2026-09-28T20:56:29.891595-04:00,docs/scholar_missing_batch7_2026-09-28.md#results
https://awards.acm.org/award-recipients/williams_1076371,"Williams, Robin",2026-09-28T20:56:29.891595-04:00,,not_found,2026-09-28T20:56:29.891595-04:00,docs/scholar_missing_batch7_2026-09-28.md#results
https://awards.acm.org/award-recipients/auslander_1044882,"Auslander, Marc",2026-09-28T20:56:29.891595-04:00,,not_found,2026-09-28T20:56:29.891595-04:00,docs/scholar_missing_batch7_2026-09-28.md#results
https://awards.acm.org/award-recipients/braden_1009208,"Braden, Robert T",2026-09-28T20:56:29.891595-04:00,,not_found,2026-09-28T20:56:29.891595-04:00,docs/scholar_missing_batch7_2026-09-28.md#results
https://awards.acm.org/award-recipients/cook_4147260,"Cook, Rob",2026-09-28T20:56:29.891595-04:00,,not_found,2026-09-28T20:56:29.891595-04:00,docs/scholar_missing_batch7_2026-09-28.md#results
https://awards.acm.org/award-recipients/deblasi_3515723,"DeBlasi, Joseph S",2026-09-28T20:56:29.891595-04:00,,not_found,2026-09-28T20:56:29.891595-04:00,docs/scholar_missing_batch7_2026-09-28.md#results
https://awards.acm.org/award-recipients/geschke_1240134,"Geschke, Charles M",2026-09-28T20:56:29.891595-04:00,,not_found,2026-09-28T20:56:29.891595-04:00,docs/scholar_missing_batch7_2026-09-28.md#results
https://awards.acm.org/award-recipients/glass_1532894,"Glass, Robert L",2026-09-28T20:56:29.891595-04:00,,not_found,2026-09-28T20:56:29.891595-04:00,docs/scholar_missing_batch7_2026-09-28.md#results
https://awards.acm.org/award-recipients/ibaraki_1089572,"Ibaraki, Toshihide",2026-09-28T20:56:29.891595-04:00,,not_found,2026-09-28T20:56:29.891595-04:00,docs/scholar_missing_batch7_2026-09-28.md#results
,John D Gannon,2026-09-28T20:56:29.891595-04:00,,not_found,2026-09-28T20:56:29.891595-04:00,docs/scholar_missing_batch7_2026-09-28.md#results
https://awards.acm.org/award-recipients/lewis_1144468,"Lewis, Philip M",2026-09-28T20:56:29.891595-04:00,,not_found,2026-09-28T20:56:29.891595-04:00,docs/scholar_missing_batch7_2026-09-28.md#results
https://awards.acm.org/award-recipients/martin_2161529,"Martin, C. Dianne",2026-09-28T21:10:08.470850-04:00,,not_found,2026-09-28T21:10:08.470850-04:00,docs/scholar_missing_batch8_2026-09-28.md#results
https://awards.acm.org/award-recipients/mills_1036540,"Mills, David L",2026-09-28T21:10:08.470850-04:00,,not_found,2026-09-28T21:10:08.470850-04:00,docs/scholar_missing_batch8_2026-09-28.md#results
https://awards.acm.org/award-recipients/sameh_1184720,"Sameh, Ahmed",2026-09-28T21:10:08.470850-04:00,,not_found,2026-09-28T21:10:08.470850-04:00,docs/scholar_missing_batch8_2026-09-28.md#results
https://awards.acm.org/award-recipients/tan_4326757,"Tan, Chung Jen",2026-09-28T21:10:08.470850-04:00,,not_found,2026-09-28T21:10:08.470850-04:00,docs/scholar_missing_batch8_2026-09-28.md#results
https://awards.acm.org/award-recipients/torii_3055183,"Torii, Koji",2026-09-28T21:10:08.470850-04:00,,not_found,2026-09-28T21:10:08.470850-04:00,docs/scholar_missing_batch8_2026-09-28.md#results
https://awards.acm.org/award-recipients/waltz_1508100,"Waltz, David L",2026-09-28T21:10:08.470850-04:00,,not_found,2026-09-28T21:10:08.470850-04:00,docs/scholar_missing_batch8_2026-09-28.md#results
https://awards.acm.org/award-recipients/warnock_4021408,"Warnock, John",2026-09-28T21:10:08.470850-04:00,,not_found,2026-09-28T21:10:08.470850-04:00,docs/scholar_missing_batch8_2026-09-28.md#results
https://awards.acm.org/award-recipients/yonezawa_1476860,"Yonezawa, Akinori",2026-09-28T21:10:08.470850-04:00,,not_found,2026-09-28T21:10:08.470850-04:00,docs/scholar_missing_batch8_2026-09-28.md#results
https://awards.acm.org/award-recipients/agrawal_1589548,"Agrawal, Dharma P",2026-09-28T21:10:08.470850-04:00,https://scholar.google.com/citations?user=Cky-RdoAAAAJ,accepted,2026-09-28T21:21:03.059628-04:00,docs/scholar_missing_batch8_2026-09-28.md#subsequent-user-acceptance
https://awards.acm.org/award-recipients/berghel_2159119,"Berghel, Hal",2026-09-28T21:10:08.470850-04:00,,not_found,2026-09-28T21:10:08.470850-04:00,docs/scholar_missing_batch8_2026-09-28.md#results
https://awards.acm.org/award-recipients/browne_1027143,"Browne, James C",2026-09-28T21:10:08.470850-04:00,,not_found,2026-09-28T21:10:08.470850-04:00,docs/scholar_missing_batch8_2026-09-28.md#results
https://awards.acm.org/award-recipients/chen_2463263,"Chen, Peter P",2026-09-28T21:10:08.470850-04:00,,not_found,2026-09-28T21:10:08.470850-04:00,docs/scholar_missing_batch8_2026-09-28.md#results
https://awards.acm.org/award-recipients/clarke_1395003,"Clarke, Lori",2026-09-28T21:10:08.470850-04:00,https://scholar.google.com/citations?user=oFiuaXEAAAAJ,inaccessible,2026-09-28T21:10:08.470850-04:00,docs/scholar_missing_batch8_2026-09-28.md#results
https://awards.acm.org/award-recipients/ellis_3975695,"Ellis, Clarence A",2026-09-28T21:10:08.470850-04:00,,not_found,2026-09-28T21:10:08.470850-04:00,docs/scholar_missing_batch8_2026-09-28.md#results
https://awards.acm.org/award-recipients/gabriel_3666336,"Gabriel, Richard P.",2026-09-28T21:10:08.470850-04:00,,not_found,2026-09-28T21:10:08.470850-04:00,docs/scholar_missing_batch8_2026-09-28.md#results
https://awards.acm.org/award-recipients/gupta_1257229,"Gupta, Gopal Krishna",2026-09-28T21:10:08.470850-04:00,,not_found,2026-09-28T21:10:08.470850-04:00,docs/scholar_missing_batch8_2026-09-28.md#results
https://awards.acm.org/award-recipients/horning_1051440,"Horning, James Jay",2026-09-28T21:10:08.470850-04:00,,not_found,2026-09-28T21:10:08.470850-04:00,docs/scholar_missing_batch8_2026-09-28.md#results
https://awards.acm.org/award-recipients/jones_4210456,"Jones, Neil",2026-09-28T21:10:08.470850-04:00,https://scholar.google.com/citations?user=2ADsKV4AAAAJ,accepted,2026-09-28T21:21:03.059628-04:00,docs/scholar_missing_batch8_2026-09-28.md#subsequent-user-acceptance
https://awards.acm.org/award-recipients/joshi_1047992,"Joshi, Aravind K",2026-09-28T21:10:08.470850-04:00,,not_found,2026-09-28T21:10:08.470850-04:00,docs/scholar_missing_batch8_2026-09-28.md#results
https://awards.acm.org/award-recipients/kandel_1140078,"Kandel, Abraham",2026-09-28T21:10:08.470850-04:00,,not_found,2026-09-28T21:10:08.470850-04:00,docs/scholar_missing_batch8_2026-09-28.md#results
https://awards.acm.org/award-recipients/kent_1575380,"Kent, Stephen T",2026-09-28T21:10:08.470850-04:00,,not_found,2026-09-28T21:10:08.470850-04:00,docs/scholar_missing_batch8_2026-09-28.md#results
https://awards.acm.org/award-recipients/lam_1287606,"LAM, SIMON S",2026-09-28T21:10:08.470850-04:00,https://scholar.google.com/citations?user=0XV1sFsAAAAJ,accepted,2026-09-28T21:21:03.059628-04:00,docs/scholar_missing_batch8_2026-09-28.md#subsequent-user-acceptance
https://awards.acm.org/award-recipients/notkin_1526847,"Notkin, David S",2026-09-28T21:10:08.470850-04:00,,not_found,2026-09-28T21:10:08.470850-04:00,docs/scholar_missing_batch8_2026-09-28.md#results
https://awards.acm.org/award-recipients/nycum_1456367,"Nycum, Susan H",2026-09-28T21:10:08.470850-04:00,,not_found,2026-09-28T21:10:08.470850-04:00,docs/scholar_missing_batch8_2026-09-28.md#results
https://awards.acm.org/award-recipients/rangan_3841665,"Rangan, Venkat P",2026-09-28T21:10:08.470850-04:00,,not_found,2026-09-28T21:10:08.470850-04:00,docs/scholar_missing_batch8_2026-09-28.md#results
https://awards.acm.org/award-recipients/ryder_1582709,"Ryder, Barbara Gershon",2026-09-28T21:30:57.852590-04:00,https://scholar.google.com/citations?user=OdWimfcAAAAJ,accepted,2026-09-28T21:32:42.532750-04:00,docs/scholar_missing_batch9_2026-09-28.md#subsequent-user-acceptance
https://awards.acm.org/award-recipients/sequin_1723501,"Sequin, Carlo H",2026-09-28T21:30:57.852590-04:00,,not_found,2026-09-28T21:30:57.852590-04:00,docs/scholar_missing_batch9_2026-09-28.md#results
https://awards.acm.org/award-recipients/turner_1244433,"Turner, Albert J",2026-09-28T21:30:57.852590-04:00,,not_found,2026-09-28T21:30:57.852590-04:00,docs/scholar_missing_batch9_2026-09-28.md#results
https://awards.acm.org/award-recipients/welzl_1886985,"Welzl, Emmerich",2026-09-28T21:30:57.852590-04:00,,not_found,2026-09-28T21:30:57.852590-04:00,docs/scholar_missing_batch9_2026-09-28.md#results
https://awards.acm.org/award-recipients/ebaer_1063148,"Baer, Jean-Loup",2026-09-28T21:30:57.852590-04:00,,not_found,2026-09-28T21:30:57.852590-04:00,docs/scholar_missing_batch9_2026-09-28.md#results
https://awards.acm.org/award-recipients/bate_1033521,"Bate, Roger R",2026-09-28T21:30:57.852590-04:00,,not_found,2026-09-28T21:30:57.852590-04:00,docs/scholar_missing_batch9_2026-09-28.md#results
https://awards.acm.org/award-recipients/freeman_1001833,"Freeman, Herbert",2026-09-28T21:30:57.852590-04:00,,not_found,2026-09-28T21:30:57.852590-04:00,docs/scholar_missing_batch9_2026-09-28.md#results
https://awards.acm.org/award-recipients/greif_1243609,"Greif, Irene",2026-09-28T21:30:57.852590-04:00,,not_found,2026-09-28T21:30:57.852590-04:00,docs/scholar_missing_batch9_2026-09-28.md#results
,J D Couger,2026-09-28T21:30:57.852590-04:00,,not_found,2026-09-28T21:30:57.852590-04:00,docs/scholar_missing_batch9_2026-09-28.md#results
https://awards.acm.org/award-recipients/kedem_1284975,"Kedem, Zvi Meir",2026-09-28T21:30:57.852590-04:00,,not_found,2026-09-28T21:30:57.852590-04:00,docs/scholar_missing_batch9_2026-09-28.md#results
https://awards.acm.org/award-recipients/kemmerer_1478734,"Kemmerer, Richard A.",2026-09-28T21:30:57.852590-04:00,,not_found,2026-09-28T21:30:57.852590-04:00,docs/scholar_missing_batch9_2026-09-28.md#results
https://awards.acm.org/award-recipients/lawson_1018555,"Lawson, H W",2026-09-28T21:30:57.852590-04:00,,not_found,2026-09-28T21:30:57.852590-04:00,docs/scholar_missing_batch9_2026-09-28.md#results
https://awards.acm.org/award-recipients/lipton_2099257,"Lipton, Richard",2026-09-28T21:30:57.852590-04:00,,not_found,2026-09-28T21:30:57.852590-04:00,docs/scholar_missing_batch9_2026-09-28.md#results
https://awards.acm.org/award-recipients/miller_1010750,"Miller, Raymond",2026-09-28T21:30:57.852590-04:00,,not_found,2026-09-28T21:30:57.852590-04:00,docs/scholar_missing_batch9_2026-09-28.md#results
https://awards.acm.org/award-recipients/pratt_1324086,"Pratt, Vaughan Ronald",2026-09-28T21:30:57.852590-04:00,https://scholar.google.com/citations?user=Zc7l_LcAAAAJ,inaccessible,2026-09-28T21:30:57.852590-04:00,docs/scholar_missing_batch9_2026-09-28.md#results
,Raymond Reiter,2026-09-28T21:30:57.852590-04:00,,not_found,2026-09-28T21:30:57.852590-04:00,docs/scholar_missing_batch9_2026-09-28.md#results
https://awards.acm.org/award-recipients/schneck_1045616,"Schneck, Paul",2026-09-28T21:30:57.852590-04:00,,not_found,2026-09-28T21:30:57.852590-04:00,docs/scholar_missing_batch9_2026-09-28.md#results
https://awards.acm.org/award-recipients/sevcik_1127315,"Sevcik, Kenneth C",2026-09-28T21:30:57.852590-04:00,,not_found,2026-09-28T21:30:57.852590-04:00,docs/scholar_missing_batch9_2026-09-28.md#results
https://awards.acm.org/award-recipients/shaw_1096734,"Shaw, Alan C",2026-09-28T21:30:57.852590-04:00,,not_found,2026-09-28T21:30:57.852590-04:00,docs/scholar_missing_batch9_2026-09-28.md#results
https://awards.acm.org/award-recipients/steiglitz_2779957,"Steiglitz, Kenneth",2026-09-28T21:30:57.852590-04:00,,not_found,2026-09-28T21:30:57.852590-04:00,docs/scholar_missing_batch9_2026-09-28.md#results
https://awards.acm.org/award-recipients/widmayer_2072478,"Widmayer, Peter",2026-09-28T21:30:57.852590-04:00,,not_found,2026-09-28T21:30:57.852590-04:00,docs/scholar_missing_batch9_2026-09-28.md#results
https://awards.acm.org/award-recipients/wilensky_1570597,"Wilensky, Robert",2026-09-28T21:30:57.852590-04:00,,not_found,2026-09-28T21:30:57.852590-04:00,docs/scholar_missing_batch9_2026-09-28.md#results
https://awards.acm.org/award-recipients/zanella_1025881,"Zanella, Paolo",2026-09-28T21:30:57.852590-04:00,,not_found,2026-09-28T21:30:57.852590-04:00,docs/scholar_missing_batch9_2026-09-28.md#results
https://awards.acm.org/award-recipients/adrion_1176312,"Adrion, William Richards",2026-09-28T21:30:57.852590-04:00,,not_found,2026-09-28T21:30:57.852590-04:00,docs/scholar_missing_batch9_2026-09-28.md#results
https://awards.acm.org/award-recipients/akeley_2777811,"Akeley, Kurt B",2026-09-28T21:30:57.852590-04:00,https://scholar.google.com/citations?user=fag2MKIAAAAJ,accepted,2026-09-28T21:32:42.532750-04:00,docs/scholar_missing_batch9_2026-09-28.md#subsequent-user-acceptance
https://awards.acm.org/award-recipients/borg_4980071,"Borg, Anita",2026-09-28T21:41:15.668046-04:00,,not_found,2026-09-28T21:41:15.668046-04:00,docs/scholar_missing_batch10_2026-09-28.md#results
https://awards.acm.org/award-recipients/chandrasekaran_1123546,"Chandrasekaran, B.",2026-09-28T21:41:15.668046-04:00,,not_found,2026-09-28T21:41:15.668046-04:00,docs/scholar_missing_batch10_2026-09-28.md#results
https://awards.acm.org/award-recipients/dodd_4584082,"Dodd, George",2026-09-28T21:41:15.668046-04:00,,not_found,2026-09-28T21:41:15.668046-04:00,docs/scholar_missing_batch10_2026-09-28.md#results
https://awards.acm.org/award-recipients/encarnacao_1154509,"Encarnacao, Jose L.",2026-09-28T21:41:15.668046-04:00,,not_found,2026-09-28T21:41:15.668046-04:00,docs/scholar_missing_batch10_2026-09-28.md#results
https://awards.acm.org/award-recipients/ferrante_2284206,"Ferrante, Jeanne",2026-09-28T21:41:15.668046-04:00,https://scholar.google.com/citations?user=sMN63KwAAAAJ,inaccessible,2026-09-28T21:41:15.668046-04:00,docs/scholar_missing_batch10_2026-09-28.md#results
https://awards.acm.org/award-recipients/fischer_1027952,"Fischer, Michael J",2026-09-28T21:41:15.668046-04:00,,not_found,2026-09-28T21:41:15.668046-04:00,docs/scholar_missing_batch10_2026-09-28.md#results
https://awards.acm.org/award-recipients/graham_1013218,"Graham, Robert M",2026-09-28T21:41:15.668046-04:00,,not_found,2026-09-28T21:41:15.668046-04:00,docs/scholar_missing_batch10_2026-09-28.md#results
https://awards.acm.org/award-recipients/harrison_1013374,"Harrison, Michael A",2026-09-28T21:41:15.668046-04:00,,not_found,2026-09-28T21:41:15.668046-04:00,docs/scholar_missing_batch10_2026-09-28.md#results
https://awards.acm.org/award-recipients/jaffe_1816776,"Jaffe, Jeffrey",2026-09-28T21:41:15.668046-04:00,,not_found,2026-09-28T21:41:15.668046-04:00,docs/scholar_missing_batch10_2026-09-28.md#results
https://awards.acm.org/award-recipients/jones_5056346,"Jones, Anita K",2026-09-28T21:41:15.668046-04:00,,not_found,2026-09-28T21:41:15.668046-04:00,docs/scholar_missing_batch10_2026-09-28.md#results
https://awards.acm.org/award-recipients/klawe_1960913,"Klawe, Maria",2026-09-28T21:41:15.668046-04:00,,not_found,2026-09-28T21:41:15.668046-04:00,docs/scholar_missing_batch10_2026-09-28.md#results
https://awards.acm.org/award-recipients/landweber_1036110,"Landweber, Lawrence H",2026-09-28T21:41:15.668046-04:00,,not_found,2026-09-28T21:41:15.668046-04:00,docs/scholar_missing_batch10_2026-09-28.md#results
,Larry Stockmeyer,2026-09-28T21:41:15.668046-04:00,,not_found,2026-09-28T21:41:15.668046-04:00,docs/scholar_missing_batch10_2026-09-28.md#results
https://awards.acm.org/award-recipients/lesk_1118207,"Lesk, Michael E",2026-09-28T21:41:15.668046-04:00,,not_found,2026-09-28T21:41:15.668046-04:00,docs/scholar_missing_batch10_2026-09-28.md#results
https://awards.acm.org/award-recipients/liskov_1108679,"Liskov, Barbara",2026-09-28T21:41:15.668046-04:00,,not_found,2026-09-28T21:41:15.668046-04:00,docs/scholar_missing_batch10_2026-09-28.md#results
https://awards.acm.org/award-recipients/nance_1074814,"Nance, Richard E",2026-09-28T21:41:15.668046-04:00,,not_found,2026-09-28T21:41:15.668046-04:00,docs/scholar_missing_batch10_2026-09-28.md#results
https://awards.acm.org/award-recipients/preas_2878536,"Preas, Bryan",2026-09-28T21:41:15.668046-04:00,,not_found,2026-09-28T21:41:15.668046-04:00,docs/scholar_missing_batch10_2026-09-28.md#results
https://awards.acm.org/award-recipients/rao_1788686,"Rao, TRN",2026-09-28T21:41:15.668046-04:00,,not_found,2026-09-28T21:41:15.668046-04:00,docs/scholar_missing_batch10_2026-09-28.md#results
https://awards.acm.org/award-recipients/rice_1062546,"Rice, John",2026-09-28T21:41:15.668046-04:00,,not_found,2026-09-28T21:41:15.668046-04:00,docs/scholar_missing_batch10_2026-09-28.md#results
https://awards.acm.org/award-recipients/rosenberg_1037498,"Rosenberg, Arnold",2026-09-28T21:41:15.668046-04:00,,not_found,2026-09-28T21:41:15.668046-04:00,docs/scholar_missing_batch10_2026-09-28.md#results
https://awards.acm.org/award-recipients/savage_1091867,"Savage, John E",2026-09-28T21:41:15.668046-04:00,,not_found,2026-09-28T21:41:15.668046-04:00,docs/scholar_missing_batch10_2026-09-28.md#results
https://awards.acm.org/award-recipients/vernon_1777267,"Vernon, Mary K",2026-09-28T21:41:15.668046-04:00,,not_found,2026-09-28T21:41:15.668046-04:00,docs/scholar_missing_batch10_2026-09-28.md#results
https://awards.acm.org/award-recipients/wasserman_1068543,"Wasserman, Anthony I",2026-09-28T21:41:15.668046-04:00,https://scholar.google.com/citations?user=08Dlm8cAAAAJ,inaccessible,2026-09-28T21:41:15.668046-04:00,docs/scholar_missing_batch10_2026-09-28.md#results
https://awards.acm.org/award-recipients/weingarten_3747433,"Weingarten, Fred W",2026-09-28T21:41:15.668046-04:00,,not_found,2026-09-28T21:41:15.668046-04:00,docs/scholar_missing_batch10_2026-09-28.md#results
https://awards.acm.org/award-recipients/yovits_1134352,"Yovits, Marshall C",2026-09-28T21:41:15.668046-04:00,,not_found,2026-09-28T21:41:15.668046-04:00,docs/scholar_missing_batch10_2026-09-28.md#results
https://awards.acm.org/award-recipients/abrahams_1012285,"Abrahams, Paul W",2026-09-28T21:49:28.430141-04:00,,not_found,2026-09-28T21:49:28.430141-04:00,docs/scholar_missing_batch11_2026-09-28.md#results
https://awards.acm.org/award-recipients/ashenhurst_1004811,"Ashenhurst, R L",2026-09-28T21:49:28.430141-04:00,,not_found,2026-09-28T21:49:28.430141-04:00,docs/scholar_missing_batch11_2026-09-28.md#results
https://awards.acm.org/award-recipients/barr_2699577,"Barr, Alan H",2026-09-28T21:49:28.430141-04:00,,not_found,2026-09-28T21:49:28.430141-04:00,docs/scholar_missing_batch11_2026-09-28.md#results
https://awards.acm.org/award-recipients/bernstein_2486959,"Bernstein, Lawrence",2026-09-28T21:49:28.430141-04:00,,not_found,2026-09-28T21:49:28.430141-04:00,docs/scholar_missing_batch11_2026-09-28.md#results
https://awards.acm.org/award-recipients/booch_2030153,"Booch, Grady Ernest",2026-09-28T21:49:28.430141-04:00,https://scholar.google.com/citations?user=Y0iLlFoAAAAJ,inaccessible,2026-09-28T21:49:28.430141-04:00,docs/scholar_missing_batch11_2026-09-28.md#results
https://awards.acm.org/award-recipients/brandin_1065960,"Brandin, David H",2026-09-28T21:49:28.430141-04:00,,not_found,2026-09-28T21:49:28.430141-04:00,docs/scholar_missing_batch11_2026-09-28.md#results
https://awards.acm.org/award-recipients/carpenter_1507284,"Carpenter, Loren C",2026-09-28T21:49:28.430141-04:00,,not_found,2026-09-28T21:49:28.430141-04:00,docs/scholar_missing_batch11_2026-09-28.md#results
https://awards.acm.org/award-recipients/constable_1117506,"Constable, Robert",2026-09-28T21:49:28.430141-04:00,,not_found,2026-09-28T21:49:28.430141-04:00,docs/scholar_missing_batch11_2026-09-28.md#results
https://awards.acm.org/award-recipients/denning_1239516,"Denning, Dorothy E",2026-09-28T21:49:28.430141-04:00,https://scholar.google.com/citations?user=4nX0ljsAAAAJ,accepted,2026-09-28T21:51:09.084722-04:00,docs/scholar_missing_batch11_2026-09-28.md#subsequent-user-acceptance
https://awards.acm.org/award-recipients/druffel_2047611,"Druffel, Larry",2026-09-28T21:49:28.430141-04:00,,not_found,2026-09-28T21:49:28.430141-04:00,docs/scholar_missing_batch11_2026-09-28.md#results
https://awards.acm.org/award-recipients/engeler_1192251,"Engeler, Erwin",2026-09-28T21:49:28.430141-04:00,,not_found,2026-09-28T21:49:28.430141-04:00,docs/scholar_missing_batch11_2026-09-28.md#results
https://awards.acm.org/award-recipients/feldman_1240498,"Feldman, Stuart",2026-09-28T21:49:28.430141-04:00,,not_found,2026-09-28T21:49:28.430141-04:00,docs/scholar_missing_batch11_2026-09-28.md#results
https://awards.acm.org/award-recipients/ginsberg_1241975,"Ginsberg, Myron",2026-09-28T21:49:28.430141-04:00,,not_found,2026-09-28T21:49:28.430141-04:00,docs/scholar_missing_batch11_2026-09-28.md#results
https://awards.acm.org/award-recipients/goodenough_1028323,"Goodenough, John B",2026-09-28T21:49:28.430141-04:00,https://scholar.google.com/citations?user=U8jmzF0AAAAJ,wrong_person,2026-09-28T21:49:28.430141-04:00,docs/scholar_missing_batch11_2026-09-28.md#results
https://awards.acm.org/award-recipients/greenberg_1489566,"Greenberg, Donald",2026-09-28T21:49:28.430141-04:00,,not_found,2026-09-28T21:49:28.430141-04:00,docs/scholar_missing_batch11_2026-09-28.md#results
https://awards.acm.org/award-recipients/grosch_1000512,"Grosch, Herbert R J",2026-09-28T21:49:28.430141-04:00,,not_found,2026-09-28T21:49:28.430141-04:00,docs/scholar_missing_batch11_2026-09-28.md#results
,Harold J Highland,2026-09-28T21:49:28.430141-04:00,,not_found,2026-09-28T21:49:28.430141-04:00,docs/scholar_missing_batch11_2026-09-28.md#results
https://awards.acm.org/award-recipients/herzog_1035435,"Herzog, Bertram",2026-09-28T21:49:28.430141-04:00,,not_found,2026-09-28T21:49:28.430141-04:00,docs/scholar_missing_batch11_2026-09-28.md#results
https://awards.acm.org/award-recipients/ibarra_1194323,"Ibarra, Oscar",2026-09-28T21:49:28.430141-04:00,,not_found,2026-09-28T21:49:28.430141-04:00,docs/scholar_missing_batch11_2026-09-28.md#results
https://awards.acm.org/award-recipients/kennedy_1099712,"Kennedy, Kenneth W",2026-09-28T21:49:28.430141-04:00,,not_found,2026-09-28T21:49:28.430141-04:00,docs/scholar_missing_batch11_2026-09-28.md#results
https://awards.acm.org/award-recipients/kim_3331865,"Kim, Won",2026-09-28T21:49:28.430141-04:00,,not_found,2026-09-28T21:49:28.430141-04:00,docs/scholar_missing_batch11_2026-09-28.md#results
https://awards.acm.org/award-recipients/kosaraju_1130855,"Kosaraju, Sambasiva",2026-09-28T21:49:28.430141-04:00,,not_found,2026-09-28T21:49:28.430141-04:00,docs/scholar_missing_batch11_2026-09-28.md#results
https://awards.acm.org/award-recipients/nievergelt_1043728,"Nievergelt, J",2026-09-28T21:49:28.430141-04:00,,not_found,2026-09-28T21:49:28.430141-04:00,docs/scholar_missing_batch11_2026-09-28.md#results
https://awards.acm.org/award-recipients/oettinger_1003284,"Oettinger, Anthony",2026-09-28T21:49:28.430141-04:00,,not_found,2026-09-28T21:49:28.430141-04:00,docs/scholar_missing_batch11_2026-09-28.md#results
https://awards.acm.org/award-recipients/preparata_1481076,"Preparata, Franco P",2026-09-28T21:49:28.430141-04:00,,not_found,2026-09-28T21:49:28.430141-04:00,docs/scholar_missing_batch11_2026-09-28.md#results
https://awards.acm.org/award-recipients/snyder_1237882,"Snyder, Larry",2026-09-28T22:00:39.636751-04:00,,not_found,2026-09-28T22:00:39.636751-04:00,docs/scholar_missing_batch12_2026-09-28.md#results
https://awards.acm.org/award-recipients/suzuki_1247055,"Suzuki, Norihisa",2026-09-28T22:00:39.636751-04:00,,not_found,2026-09-28T22:00:39.636751-04:00,docs/scholar_missing_batch12_2026-09-28.md#results
https://awards.acm.org/award-recipients/wegner_1068550,"Wegner, Peter",2026-09-28T22:00:39.636751-04:00,,not_found,2026-09-28T22:00:39.636751-04:00,docs/scholar_missing_batch12_2026-09-28.md#results
https://awards.acm.org/award-recipients/white_1242262,"White, John R.",2026-09-28T22:00:39.636751-04:00,,not_found,2026-09-28T22:00:39.636751-04:00,docs/scholar_missing_batch12_2026-09-28.md#results
https://awards.acm.org/award-recipients/whitted_1831023,"Whitted, J Turner",2026-09-28T22:00:39.636751-04:00,,not_found,2026-09-28T22:00:39.636751-04:00,docs/scholar_missing_batch12_2026-09-28.md#results
https://awards.acm.org/award-recipients/wong_1145432,"Wong, Chak-Kuen",2026-09-28T22:00:39.636751-04:00,,not_found,2026-09-28T22:00:39.636751-04:00,docs/scholar_missing_batch12_2026-09-28.md#results
https://awards.acm.org/award-recipients/yao_1611524,"Yao, Andrew C",2026-09-28T22:00:39.636751-04:00,https://scholar.google.com/citations?user=c8Gq7AkAAAAJ,wrong_person,2026-09-28T22:03:54.576450-04:00,docs/scholar_missing_batch12_2026-09-28.md#subsequent-user-decision
https://awards.acm.org/award-recipients/young_1473552,"Young, Paul",2026-09-28T22:00:39.636751-04:00,,not_found,2026-09-28T22:00:39.636751-04:00,docs/scholar_missing_batch12_2026-09-28.md#results
https://awards.acm.org/award-recipients/adams_1021609,"Adams, James M",2026-09-28T22:00:39.636751-04:00,,not_found,2026-09-28T22:00:39.636751-04:00,docs/scholar_missing_batch12_2026-09-28.md#results
https://awards.acm.org/award-recipients/allen_1012327,"Allen, Frances",2026-09-28T22:00:39.636751-04:00,,not_found,2026-09-28T22:00:39.636751-04:00,docs/scholar_missing_batch12_2026-09-28.md#results
https://awards.acm.org/award-recipients/alt_1000199,"Alt, Franz L",2026-09-28T22:00:39.636751-04:00,,not_found,2026-09-28T22:00:39.636751-04:00,docs/scholar_missing_batch12_2026-09-28.md#results
https://awards.acm.org/award-recipients/atchison_1168636,"Atchison, William F.",2026-09-28T22:00:39.636751-04:00,,not_found,2026-09-28T22:00:39.636751-04:00,docs/scholar_missing_batch12_2026-09-28.md#results
https://awards.acm.org/award-recipients/austing_1043397,"Austing, Richard H",2026-09-28T22:00:39.636751-04:00,,not_found,2026-09-28T22:00:39.636751-04:00,docs/scholar_missing_batch12_2026-09-28.md#results
https://awards.acm.org/award-recipients/batcher_1044908,"Batcher, Kenneth E",2026-09-28T22:00:39.636751-04:00,,not_found,2026-09-28T22:00:39.636751-04:00,docs/scholar_missing_batch12_2026-09-28.md#results
https://awards.acm.org/award-recipients/blasgen_1420736,"Blasgen, Michael W",2026-09-28T22:00:39.636751-04:00,,not_found,2026-09-28T22:00:39.636751-04:00,docs/scholar_missing_batch12_2026-09-28.md#results
,Bob O Evans,2026-09-28T22:00:39.636751-04:00,https://scholar.google.com/citations?user=BlOnsXMAAAAJ,wrong_person,2026-09-28T22:00:39.636751-04:00,docs/scholar_missing_batch12_2026-09-28.md#results
https://awards.acm.org/award-recipients/boggs_1486315,"Boggs, David R.",2026-09-28T22:00:39.636751-04:00,,not_found,2026-09-28T22:00:39.636751-04:00,docs/scholar_missing_batch12_2026-09-28.md#results
https://awards.acm.org/award-recipients/borman_1120344,"Borman, Lorraine",2026-09-28T22:00:39.636751-04:00,,not_found,2026-09-28T22:00:39.636751-04:00,docs/scholar_missing_batch12_2026-09-28.md#results
https://awards.acm.org/award-recipients/bradshaw_1002732,"Bradshaw, Charles L",2026-09-28T22:00:39.636751-04:00,,not_found,2026-09-28T22:00:39.636751-04:00,docs/scholar_missing_batch12_2026-09-28.md#results
https://awards.acm.org/award-recipients/bricklin_2836799,"Bricklin, Daniel S",2026-09-28T22:00:39.636751-04:00,,not_found,2026-09-28T22:00:39.636751-04:00,docs/scholar_missing_batch12_2026-09-28.md#results
https://awards.acm.org/award-recipients/brotz_2046019,"Brotz, Douglas K",2026-09-28T22:00:39.636751-04:00,,not_found,2026-09-28T22:00:39.636751-04:00,docs/scholar_missing_batch12_2026-09-28.md#results
https://awards.acm.org/award-recipients/burton_1914241,"Burton, Richard R.",2026-09-28T22:00:39.636751-04:00,,not_found,2026-09-28T22:00:39.636751-04:00,docs/scholar_missing_batch12_2026-09-28.md#results
https://awards.acm.org/award-recipients/canning_1002781,"Canning, Richard G",2026-09-28T22:00:39.636751-04:00,,not_found,2026-09-28T22:00:39.636751-04:00,docs/scholar_missing_batch12_2026-09-28.md#results
https://awards.acm.org/award-recipients/carlson_1362268,"Carlson, Walter",2026-09-28T22:00:39.636751-04:00,,not_found,2026-09-28T22:00:39.636751-04:00,docs/scholar_missing_batch12_2026-09-28.md#results
https://awards.acm.org/award-recipients/cerf_1083211,"Cerf, Vinton",2026-09-28T22:00:39.636751-04:00,,not_found,2026-09-28T22:00:39.636751-04:00,docs/scholar_missing_batch12_2026-09-28.md#results
https://awards.acm.org/award-recipients/chamberlin_1060045,"Chamberlin, Donald",2026-09-28T22:12:03.275885-04:00,,not_found,2026-09-28T22:12:03.275885-04:00,docs/scholar_missing_batch13_2026-09-28.md#results
https://awards.acm.org/award-recipients/codd_1000892,"Codd, Edgar F",2026-09-28T22:12:03.275885-04:00,,not_found,2026-09-28T22:12:03.275885-04:00,docs/scholar_missing_batch13_2026-09-28.md#results
https://awards.acm.org/award-recipients/corbato_1009471,"Corbato, Fernando J",2026-09-28T22:12:03.275885-04:00,,not_found,2026-09-28T22:12:03.275885-04:00,docs/scholar_missing_batch13_2026-09-28.md#results
https://awards.acm.org/award-recipients/cragon_1079995,"Cragon, Harvey G",2026-09-28T22:12:03.275885-04:00,,not_found,2026-09-28T22:12:03.275885-04:00,docs/scholar_missing_batch13_2026-09-28.md#results
https://awards.acm.org/award-recipients/dauria_1042845,"D'Auria, Thomas A",2026-09-28T22:12:03.275885-04:00,,not_found,2026-09-28T22:12:03.275885-04:00,docs/scholar_missing_batch13_2026-09-28.md#results
,David John Wheeler,2026-09-28T22:12:03.275885-04:00,,not_found,2026-09-28T22:12:03.275885-04:00,docs/scholar_missing_batch13_2026-09-28.md#results
https://awards.acm.org/award-recipients/defanti_1354265,"DeFanti, Thomas",2026-09-28T22:12:03.275885-04:00,,not_found,2026-09-28T22:12:03.275885-04:00,docs/scholar_missing_batch13_2026-09-28.md#results
https://awards.acm.org/award-recipients/dennis_1022664,"Dennis, Jack",2026-09-28T22:12:03.275885-04:00,,not_found,2026-09-28T22:12:03.275885-04:00,docs/scholar_missing_batch13_2026-09-28.md#results
https://awards.acm.org/award-recipients/deutsch_2925352,"Deutsch, L Peter",2026-09-28T22:12:03.275885-04:00,,not_found,2026-09-28T22:12:03.275885-04:00,docs/scholar_missing_batch13_2026-09-28.md#results
https://awards.acm.org/award-recipients/dijkstra_1053701,"Dijkstra, Edsger W",2026-09-28T22:12:03.275885-04:00,https://scholar.google.com/citations?user=g875mLgAAAAJ,inaccessible,2026-09-28T22:12:03.275885-04:00,docs/scholar_missing_batch13_2026-09-28.md#results
https://awards.acm.org/award-recipients/dunwell_5032361,"Dunwell, Stephen",2026-09-28T22:12:03.275885-04:00,,not_found,2026-09-28T22:12:03.275885-04:00,docs/scholar_missing_batch13_2026-09-28.md#results
https://awards.acm.org/award-recipients/engel_1104827,"Engel, Gerald L",2026-09-28T22:12:03.275885-04:00,,not_found,2026-09-28T22:12:03.275885-04:00,docs/scholar_missing_batch13_2026-09-28.md#results
https://awards.acm.org/award-recipients/esbin_1090935,"Esbin, John H",2026-09-28T22:12:03.275885-04:00,,not_found,2026-09-28T22:12:03.275885-04:00,docs/scholar_missing_batch13_2026-09-28.md#results
https://awards.acm.org/award-recipients/feng_1112010,"Feng, Tse-Yun",2026-09-28T22:12:03.275885-04:00,,not_found,2026-09-28T22:12:03.275885-04:00,docs/scholar_missing_batch13_2026-09-28.md#results
https://awards.acm.org/award-recipients/finerman_1598512,"Finerman, Aaron",2026-09-28T22:12:03.275885-04:00,,not_found,2026-09-28T22:12:03.275885-04:00,docs/scholar_missing_batch13_2026-09-28.md#results
https://awards.acm.org/award-recipients/floyd_3720707,"Floyd, Robert W.",2026-09-28T22:12:03.275885-04:00,,not_found,2026-09-28T22:12:03.275885-04:00,docs/scholar_missing_batch13_2026-09-28.md#results
https://awards.acm.org/award-recipients/flynn_1033000,"Flynn, Michael J",2026-09-28T22:12:03.275885-04:00,,not_found,2026-09-28T22:12:03.275885-04:00,docs/scholar_missing_batch13_2026-09-28.md#results
https://awards.acm.org/award-recipients/frankston_1237718,"Frankston, Robert M",2026-09-28T22:12:03.275885-04:00,,not_found,2026-09-28T22:12:03.275885-04:00,docs/scholar_missing_batch13_2026-09-28.md#results
https://awards.acm.org/award-recipients/friedman_1251891,"Friedman, Frank L",2026-09-28T22:12:03.275885-04:00,,not_found,2026-09-28T22:12:03.275885-04:00,docs/scholar_missing_batch13_2026-09-28.md#results
https://awards.acm.org/award-recipients/galler_1009877,"Galler, Bernard A",2026-09-28T22:12:03.275885-04:00,,not_found,2026-09-28T22:12:03.275885-04:00,docs/scholar_missing_batch13_2026-09-28.md#results
https://awards.acm.org/award-recipients/gear_1039577,"Gear, Charles W",2026-09-28T22:12:03.275885-04:00,,not_found,2026-09-28T22:12:03.275885-04:00,docs/scholar_missing_batch13_2026-09-28.md#results
https://awards.acm.org/award-recipients/goldberg_1110519,"Goldberg, Adele",2026-09-28T22:12:03.275885-04:00,https://scholar.google.com/citations?user=aK42DkQAAAAJ,wrong_person,2026-09-28T22:12:03.275885-04:00,docs/scholar_missing_batch13_2026-09-28.md#results
https://awards.acm.org/award-recipients/gotlieb_1000942,"Gotlieb, Calvin C.",2026-09-28T22:12:03.275885-04:00,,not_found,2026-09-28T22:12:03.275885-04:00,docs/scholar_missing_batch13_2026-09-28.md#results
https://awards.acm.org/award-recipients/graham_1043579,"Graham, Susan L",2026-09-28T22:12:03.275885-04:00,,not_found,2026-09-28T22:12:03.275885-04:00,docs/scholar_missing_batch13_2026-09-28.md#results
https://awards.acm.org/award-recipients/green_1063429,"Green, Cordell",2026-09-28T22:12:03.275885-04:00,,not_found,2026-09-28T22:12:03.275885-04:00,docs/scholar_missing_batch13_2026-09-28.md#results
https://awards.acm.org/award-recipients/hammer_1013325,"Hammer, Carl",2026-09-28T22:20:59.749396-04:00,,not_found,2026-09-28T22:20:59.749396-04:00,docs/scholar_missing_batch14_2026-09-28.md#results
https://awards.acm.org/award-recipients/hamming_1000652,"Hamming, Richard W",2026-09-28T22:20:59.749396-04:00,,not_found,2026-09-28T22:20:59.749396-04:00,docs/scholar_missing_batch14_2026-09-28.md#results
https://awards.acm.org/award-recipients/harris_1087477,"Harris, Fred H",2026-09-28T22:20:59.749396-04:00,,not_found,2026-09-28T22:20:59.749396-04:00,docs/scholar_missing_batch14_2026-09-28.md#results
https://awards.acm.org/award-recipients/hartmanis_1059260,"Hartmanis, Juris",2026-09-28T22:20:59.749396-04:00,https://scholar.google.com/citations?user=4Z6vo5QAAAAJ,wrong_person,2026-09-28T22:20:59.749396-04:00,docs/scholar_missing_batch14_2026-09-28.md#results
https://awards.acm.org/award-recipients/hillis_4558874,"Hillis, William Daniel",2026-09-28T22:20:59.749396-04:00,,not_found,2026-09-28T22:20:59.749396-04:00,docs/scholar_missing_batch14_2026-09-28.md#results
https://awards.acm.org/award-recipients/hull_5090634,"Hull, Tom",2026-09-28T22:20:59.749396-04:00,,not_found,2026-09-28T22:20:59.749396-04:00,docs/scholar_missing_batch14_2026-09-28.md#results
https://awards.acm.org/award-recipients/hume_4213526,"Hume, J N",2026-09-28T22:20:59.749396-04:00,,not_found,2026-09-28T22:20:59.749396-04:00,docs/scholar_missing_batch14_2026-09-28.md#results
https://awards.acm.org/award-recipients/huskey_1000678,"Huskey, Harry D",2026-09-28T22:20:59.749396-04:00,,not_found,2026-09-28T22:20:59.749396-04:00,docs/scholar_missing_batch14_2026-09-28.md#results
,J Presper Eckert,2026-09-28T22:20:59.749396-04:00,,not_found,2026-09-28T22:20:59.749396-04:00,docs/scholar_missing_batch14_2026-09-28.md#results
https://awards.acm.org/award-recipients/kahan_1023746,"Kahan, William",2026-09-28T22:20:59.749396-04:00,,not_found,2026-09-28T22:20:59.749396-04:00,docs/scholar_missing_batch14_2026-09-28.md#results
https://awards.acm.org/award-recipients/kuck_1018449,"Kuck, David J",2026-09-28T22:20:59.749396-04:00,,not_found,2026-09-28T22:20:59.749396-04:00,docs/scholar_missing_batch14_2026-09-28.md#results
https://awards.acm.org/award-recipients/kurtz_1404417,"Kurtz, Thomas E",2026-09-28T22:20:59.749396-04:00,,not_found,2026-09-28T22:20:59.749396-04:00,docs/scholar_missing_batch14_2026-09-28.md#results
https://awards.acm.org/award-recipients/kurzweil_2921211,"Kurzweil, Ray",2026-09-28T22:20:59.749396-04:00,,not_found,2026-09-28T22:20:59.749396-04:00,docs/scholar_missing_batch14_2026-09-28.md#results
https://awards.acm.org/award-recipients/lavenberg_1174150,"Lavenberg, Stephen S",2026-09-28T22:20:59.749396-04:00,,not_found,2026-09-28T22:20:59.749396-04:00,docs/scholar_missing_batch14_2026-09-28.md#results
https://awards.acm.org/award-recipients/lederberg_1048305,"Lederberg, Joshua",2026-09-28T22:20:59.749396-04:00,,not_found,2026-09-28T22:20:59.749396-04:00,docs/scholar_missing_batch14_2026-09-28.md#results
https://awards.acm.org/award-recipients/lee_1187137,"Lee, John A",2026-09-28T22:20:59.749396-04:00,,not_found,2026-09-28T22:20:59.749396-04:00,docs/scholar_missing_batch14_2026-09-28.md#results
https://awards.acm.org/award-recipients/lehman_1008853,"Lehman, Meir",2026-09-28T22:20:59.749396-04:00,,not_found,2026-09-28T22:20:59.749396-04:00,docs/scholar_missing_batch14_2026-09-28.md#results
https://awards.acm.org/award-recipients/lindsay_1238732,"Lindsay, Bruce",2026-09-28T22:20:59.749396-04:00,https://scholar.google.com/citations?user=YT1C7RIAAAAJ,wrong_person,2026-09-28T22:20:59.749396-04:00,docs/scholar_missing_batch14_2026-09-28.md#results
https://awards.acm.org/award-recipients/little_1152974,"Little, Joyce Currie",2026-09-28T22:20:59.749396-04:00,,not_found,2026-09-28T22:20:59.749396-04:00,docs/scholar_missing_batch14_2026-09-28.md#results
https://awards.acm.org/award-recipients/liu_1746825,"Liu, C.L.",2026-09-28T22:20:59.749396-04:00,https://scholar.google.com/citations?user=T_DdQlAAAAAJ,wrong_person,2026-09-28T22:20:59.749396-04:00,docs/scholar_missing_batch14_2026-09-28.md#results
https://awards.acm.org/award-recipients/lynn_1121771,"Lynn, M Stuart",2026-09-28T22:20:59.749396-04:00,,not_found,2026-09-28T22:20:59.749396-04:00,docs/scholar_missing_batch14_2026-09-28.md#results
https://awards.acm.org/award-recipients/maisel_1705730,"Maisel, Herbert",2026-09-28T22:20:59.749396-04:00,,not_found,2026-09-28T22:20:59.749396-04:00,docs/scholar_missing_batch14_2026-09-28.md#results
https://awards.acm.org/award-recipients/manna_1207521,"Manna, Zohar",2026-09-28T22:20:59.749396-04:00,,not_found,2026-09-28T22:20:59.749396-04:00,docs/scholar_missing_batch14_2026-09-28.md#results
https://awards.acm.org/award-recipients/mccarthy_1118322,"McCarthy, John",2026-09-28T22:20:59.749396-04:00,https://scholar.google.com/citations?user=SuVID2wAAAAJ,inaccessible,2026-09-28T22:20:59.749396-04:00,docs/scholar_missing_batch14_2026-09-28.md#results
https://awards.acm.org/award-recipients/mccluskey_1007814,"McCluskey, Edward",2026-09-28T22:20:59.749396-04:00,,not_found,2026-09-28T22:20:59.749396-04:00,docs/scholar_missing_batch14_2026-09-28.md#results
https://awards.acm.org/award-recipients/mccracken_1003201,"McCracken, Daniel D",2026-09-28T22:32:16.500450-04:00,,not_found,2026-09-28T22:32:16.500450-04:00,docs/scholar_missing_batch15_2026-09-28.md#results
https://awards.acm.org/award-recipients/milner_1569367,"Milner, A J",2026-09-28T22:32:16.500450-04:00,,not_found,2026-09-28T22:32:16.500450-04:00,docs/scholar_missing_batch15_2026-09-28.md#results
https://awards.acm.org/award-recipients/minker_1010784,"Minker, Jack",2026-09-28T22:32:16.500450-04:00,,not_found,2026-09-28T22:32:16.500450-04:00,docs/scholar_missing_batch15_2026-09-28.md#results
https://awards.acm.org/award-recipients/neumann_1006303,"Neumann, Peter G",2026-09-28T22:32:16.500450-04:00,,not_found,2026-09-28T22:32:16.500450-04:00,docs/scholar_missing_batch15_2026-09-28.md#results
https://awards.acm.org/award-recipients/newborn_1210657,"Newborn, Monroe",2026-09-28T22:32:16.500450-04:00,,not_found,2026-09-28T22:32:16.500450-04:00,docs/scholar_missing_batch15_2026-09-28.md#results
,Peter Elias,2026-09-28T22:32:16.500450-04:00,,not_found,2026-09-28T22:32:16.500450-04:00,docs/scholar_missing_batch15_2026-09-28.md#results
https://awards.acm.org/award-recipients/poucher_1761550,"Poucher, William B",2026-09-28T22:32:16.500450-04:00,,not_found,2026-09-28T22:32:16.500450-04:00,docs/scholar_missing_batch15_2026-09-28.md#results
https://awards.acm.org/award-recipients/ralston_1005818,"Ralston, Anthony",2026-09-28T22:32:16.500450-04:00,,not_found,2026-09-28T22:32:16.500450-04:00,docs/scholar_missing_batch15_2026-09-28.md#results
,Roger M Needham,2026-09-28T22:32:16.500450-04:00,,not_found,2026-09-28T22:32:16.500450-04:00,docs/scholar_missing_batch15_2026-09-28.md#results
https://awards.acm.org/award-recipients/rosenfeld_1037506,"Rosenfeld, Azriel",2026-09-28T22:32:16.500450-04:00,,not_found,2026-09-28T22:32:16.500450-04:00,docs/scholar_missing_batch15_2026-09-28.md#results
https://awards.acm.org/award-recipients/rulifson_1481993,"Rulifson, Jeff",2026-09-28T22:32:16.500450-04:00,,not_found,2026-09-28T22:32:16.500450-04:00,docs/scholar_missing_batch15_2026-09-28.md#results
https://awards.acm.org/award-recipients/sammet_1004423,"Sammet, Jean E",2026-09-28T22:32:16.500450-04:00,,not_found,2026-09-28T22:32:16.500450-04:00,docs/scholar_missing_batch15_2026-09-28.md#results
https://awards.acm.org/award-recipients/simon_1031467,"Simon, Herbert A",2026-09-28T22:32:16.500450-04:00,https://scholar.google.com/citations?user=9d7rMrkAAAAJ,inaccessible,2026-09-28T22:32:16.500450-04:00,docs/scholar_missing_batch15_2026-09-28.md#results
https://awards.acm.org/award-recipients/simons_2101418,"Simons, Barbara B",2026-09-28T22:32:16.500450-04:00,,not_found,2026-09-28T22:32:16.500450-04:00,docs/scholar_missing_batch15_2026-09-28.md#results
https://awards.acm.org/award-recipients/sloan_1304641,"Sloan, Martha",2026-09-28T22:32:16.500450-04:00,,not_found,2026-09-28T22:32:16.500450-04:00,docs/scholar_missing_batch15_2026-09-28.md#results
https://awards.acm.org/award-recipients/slutz_1111400,"Slutz, Donald R",2026-09-28T22:32:16.500450-04:00,,not_found,2026-09-28T22:32:16.500450-04:00,docs/scholar_missing_batch15_2026-09-28.md#results
https://awards.acm.org/award-recipients/smith_1148832,"Smith, Burton",2026-09-28T22:32:16.500450-04:00,,not_found,2026-09-28T22:32:16.500450-04:00,docs/scholar_missing_batch15_2026-09-28.md#results
https://awards.acm.org/award-recipients/stearns_1081900,"Stearns, Richard E",2026-09-28T22:32:16.500450-04:00,,not_found,2026-09-28T22:32:16.500450-04:00,docs/scholar_missing_batch15_2026-09-28.md#results
https://awards.acm.org/award-recipients/steel_1486257,"Steel, Thomas B",2026-09-28T22:32:16.500450-04:00,,not_found,2026-09-28T22:32:16.500450-04:00,docs/scholar_missing_batch15_2026-09-28.md#results
https://awards.acm.org/award-recipients/stonebraker_1172121,"Stonebraker, Michael",2026-09-28T22:32:16.500450-04:00,https://scholar.google.com/citations?user=a1ngrCIAAAAJ,wrong_person,2026-09-28T22:32:16.500450-04:00,docs/scholar_missing_batch15_2026-09-28.md#results
https://awards.acm.org/award-recipients/strecker_1174465,"Strecker, William",2026-09-28T22:32:16.500450-04:00,,not_found,2026-09-28T22:32:16.500450-04:00,docs/scholar_missing_batch15_2026-09-28.md#results
https://awards.acm.org/award-recipients/suppes_1094853,"Suppes, Patrick",2026-09-28T22:32:16.500450-04:00,,not_found,2026-09-28T22:32:16.500450-04:00,docs/scholar_missing_batch15_2026-09-28.md#results
https://awards.acm.org/award-recipients/sussman_1929868,"Sussman, Gerald",2026-09-28T22:32:16.500450-04:00,,not_found,2026-09-28T22:32:16.500450-04:00,docs/scholar_missing_batch15_2026-09-28.md#results
https://awards.acm.org/award-recipients/sutherland_3467412,"Sutherland, Ivan",2026-09-28T22:32:16.500450-04:00,,not_found,2026-09-28T22:32:16.500450-04:00,docs/scholar_missing_batch15_2026-09-28.md#results
https://awards.acm.org/award-recipients/taft_2615318,"Taft, Edward A",2026-09-28T22:32:16.500450-04:00,,not_found,2026-09-28T22:32:16.500450-04:00,docs/scholar_missing_batch15_2026-09-28.md#results
https://awards.acm.org/award-recipients/taylor_1076264,"Taylor, Robert W",2026-09-28T22:32:16.500450-04:00,,not_found,2026-09-28T22:32:16.500450-04:00,docs/scholar_missing_batch15_2026-09-28.md#results
https://awards.acm.org/award-recipients/thacker_1336106,"Thacker, Charles P",2026-09-28T22:32:16.500450-04:00,,not_found,2026-09-28T22:32:16.500450-04:00,docs/scholar_missing_batch15_2026-09-28.md#results
https://awards.acm.org/award-recipients/traiger_N012401,"Traiger, Irv",2026-09-28T22:32:16.500450-04:00,,not_found,2026-09-28T22:32:16.500450-04:00,docs/scholar_missing_batch15_2026-09-28.md#results
https://awards.acm.org/award-recipients/tucker_1098797,"Tucker, Allen",2026-09-28T22:32:16.500450-04:00,,not_found,2026-09-28T22:32:16.500450-04:00,docs/scholar_missing_batch15_2026-09-28.md#results
https://awards.acm.org/award-recipients/vandam_6127971,"van Dam, Andries",2026-09-28T22:32:16.500450-04:00,,not_found,2026-09-28T22:32:16.500450-04:00,docs/scholar_missing_batch15_2026-09-28.md#results
https://awards.acm.org/award-recipients/ware_1000876,"Ware, Willis H",2026-09-28T22:32:16.500450-04:00,,not_found,2026-09-28T22:32:16.500450-04:00,docs/scholar_missing_batch15_2026-09-28.md#results
https://awards.acm.org/award-recipients/wecker_1143205,"Wecker, Stuart",2026-09-28T22:32:16.500450-04:00,,not_found,2026-09-28T22:32:16.500450-04:00,docs/scholar_missing_batch15_2026-09-28.md#results
https://awards.acm.org/award-recipients/wegbreit_1073675,"Wegbreit, Ben",2026-09-28T22:32:16.500450-04:00,,not_found,2026-09-28T22:32:16.500450-04:00,docs/scholar_missing_batch15_2026-09-28.md#results
https://awards.acm.org/award-recipients/weiss_1004613,"Weiss, Eric A",2026-09-28T22:32:16.500450-04:00,,not_found,2026-09-28T22:32:16.500450-04:00,docs/scholar_missing_batch15_2026-09-28.md#results
https://awards.acm.org/award-recipients/wilkes_1001395,"Wilkes, Maurice V.",2026-09-28T22:32:16.500450-04:00,,not_found,2026-09-28T22:32:16.500450-04:00,docs/scholar_missing_batch15_2026-09-28.md#results
https://awards.acm.org/award-recipients/winograd_1345305,"Winograd, Shmuel",2026-09-28T22:32:16.500450-04:00,,not_found,2026-09-28T22:32:16.500450-04:00,docs/scholar_missing_batch15_2026-09-28.md#results
https://awards.acm.org/award-recipients/wirth_1025774,"Wirth, Niklaus E",2026-09-28T22:32:16.500450-04:00,,not_found,2026-09-28T22:32:16.500450-04:00,docs/scholar_missing_batch15_2026-09-28.md#results
https://awards.acm.org/award-recipients/wolfson_1111640,"Wolfson, Seymour J",2026-09-28T22:32:16.500450-04:00,,not_found,2026-09-28T22:32:16.500450-04:00,docs/scholar_missing_batch15_2026-09-28.md#results
https://awards.acm.org/award-recipients/wulf_1025840,"Wulf, William A",2026-09-28T22:32:16.500450-04:00,,not_found,2026-09-28T22:32:16.500450-04:00,docs/scholar_missing_batch15_2026-09-28.md#results
https://awards.acm.org/award-recipients/wigderson_3844537,"Wigderson, Avi",2026-09-29T09:44:27-04:00,,not_found,2026-09-29T09:44:27-04:00,docs/scholar_missing_turing_2026-09-29.md#wigderson-3844537
https://awards.acm.org/award-recipients/berners-lee_8087960,"Berners-Lee, Tim",2026-09-29T09:44:27-04:00,,not_found,2026-09-29T09:44:27-04:00,docs/scholar_missing_turing_2026-09-29.md#berners-lee-8087960
https://awards.acm.org/award-recipients/diffie_8371646,"Diffie, Whitfield",2026-09-29T09:44:27-04:00,,not_found,2026-09-29T09:44:27-04:00,docs/scholar_missing_turing_2026-09-29.md#diffie-8371646
https://awards.acm.org/award-recipients/hellman_4055781,"Hellman, Martin",2026-09-29T09:44:27-04:00,,not_found,2026-09-29T09:44:27-04:00,docs/scholar_missing_turing_2026-09-29.md#hellman-4055781
https://awards.acm.org/award-recipients/stonebraker_1172121,"Stonebraker, Michael",2026-09-29T09:44:27-04:00,https://scholar.google.com/citations?user=a1ngrCIAAAAJ,wrong_person,2026-09-29T09:44:27-04:00,docs/scholar_missing_turing_2026-09-29.md#stonebraker-1172121
https://awards.acm.org/award-recipients/micali_9954407,"Micali, Silvio",2026-09-29T09:44:27-04:00,,not_found,2026-09-29T09:44:27-04:00,docs/scholar_missing_turing_2026-09-29.md#micali-9954407
https://awards.acm.org/award-recipients/thacker_1336106,"Thacker, Charles P",2026-09-29T09:44:27-04:00,,not_found,2026-09-29T09:44:27-04:00,docs/scholar_missing_turing_2026-09-29.md#thacker-1336106
https://awards.acm.org/award-recipients/liskov_1108679,"Liskov, Barbara",2026-09-29T09:44:27-04:00,,not_found,2026-09-29T09:44:27-04:00,docs/scholar_missing_turing_2026-09-29.md#liskov-1108679
https://awards.acm.org/award-recipients/emerson_1671460,"Emerson, E. Allen",2026-09-29T09:44:27-04:00,,not_found,2026-09-29T09:44:27-04:00,docs/scholar_missing_turing_2026-09-29.md#emerson-1671460
https://awards.acm.org/award-recipients/allen_1012327,"Allen, Frances",2026-09-29T09:44:27-04:00,,not_found,2026-09-29T09:44:27-04:00,docs/scholar_missing_turing_2026-09-29.md#allen-1012327
https://awards.acm.org/award-recipients/naur_1024454,"Naur, Peter",2026-09-29T09:44:27-04:00,,not_found,2026-09-29T09:44:27-04:00,docs/scholar_missing_turing_2026-09-29.md#naur-1024454
https://awards.acm.org/award-recipients/cerf_1083211,"Cerf, Vinton",2026-09-29T09:44:27-04:00,,not_found,2026-09-29T09:44:27-04:00,docs/scholar_missing_turing_2026-09-29.md#cerf-1083211
https://awards.acm.org/award-recipients/kahn_4598637,"Kahn, Robert E",2026-09-29T09:44:27-04:00,,not_found,2026-09-29T09:44:27-04:00,docs/scholar_missing_turing_2026-09-29.md#kahn-4598637
https://awards.acm.org/award-recipients/kay_3972189,"Kay, Alan",2026-09-29T09:44:27-04:00,,not_found,2026-09-29T09:44:27-04:00,docs/scholar_missing_turing_2026-09-29.md#kay-3972189
https://awards.acm.org/award-recipients/adleman_7308544,"Adleman, Leonard M.",2026-09-29T09:44:27-04:00,,not_found,2026-09-29T09:44:27-04:00,docs/scholar_missing_turing_2026-09-29.md#adleman-7308544
https://awards.acm.org/award-recipients/dahl_6917600,"Dahl, Ole-Johan",2026-09-29T09:44:27-04:00,,not_found,2026-09-29T09:44:27-04:00,docs/scholar_missing_turing_2026-09-29.md#dahl-6917600
https://awards.acm.org/award-recipients/nygaard_5916220,"Nygaard, Kristen",2026-09-29T09:44:27-04:00,,not_found,2026-09-29T09:44:27-04:00,docs/scholar_missing_turing_2026-09-29.md#nygaard-5916220
https://awards.acm.org/award-recipients/yao_1611524,"Yao, Andrew C",2026-09-29T09:44:27-04:00,https://scholar.google.com/citations?user=c8Gq7AkAAAAJ,wrong_person,2026-09-29T09:44:27-04:00,docs/scholar_missing_turing_2026-09-29.md#yao-1611524
https://awards.acm.org/award-recipients/pnueli_4725172,"Pnueli, Amir",2026-09-29T09:44:27-04:00,,not_found,2026-09-29T09:44:27-04:00,docs/scholar_missing_turing_2026-09-29.md#pnueli-4725172
https://awards.acm.org/award-recipients/blum_4659082,"Blum, Manuel",2026-09-29T09:44:27-04:00,https://scholar.google.com/citations?user=7S-LSKoAAAAJ,wrong_person,2026-09-29T09:44:27-04:00,docs/scholar_missing_turing_2026-09-29.md#blum-4659082
https://awards.acm.org/award-recipients/feigenbaum_4167235,"Feigenbaum, Edward A",2026-09-29T09:44:27-04:00,,not_found,2026-09-29T09:44:27-04:00,docs/scholar_missing_turing_2026-09-29.md#feigenbaum-4167235
https://awards.acm.org/award-recipients/hartmanis_1059260,"Hartmanis, Juris",2026-09-29T09:44:27-04:00,https://scholar.google.com/citations?user=4Z6vo5QAAAAJ,wrong_person,2026-09-29T09:44:27-04:00,docs/scholar_missing_turing_2026-09-29.md#hartmanis-1059260
https://awards.acm.org/award-recipients/stearns_1081900,"Stearns, Richard E",2026-09-29T09:44:27-04:00,,not_found,2026-09-29T09:44:27-04:00,docs/scholar_missing_turing_2026-09-29.md#stearns-1081900
https://awards.acm.org/award-recipients/milner_1569367,"Milner, A J",2026-09-29T09:44:27-04:00,,not_found,2026-09-29T09:44:27-04:00,docs/scholar_missing_turing_2026-09-29.md#milner-1569367
https://awards.acm.org/award-recipients/corbato_1009471,"Corbato, Fernando J",2026-09-29T09:44:27-04:00,,not_found,2026-09-29T09:44:27-04:00,docs/scholar_missing_turing_2026-09-29.md#corbato-1009471
https://awards.acm.org/award-recipients/kahan_1023746,"Kahan, William",2026-09-29T09:44:27-04:00,,not_found,2026-09-29T09:44:27-04:00,docs/scholar_missing_turing_2026-09-29.md#kahan-1023746
https://awards.acm.org/award-recipients/sutherland_3467412,"Sutherland, Ivan",2026-09-29T09:44:27-04:00,,not_found,2026-09-29T09:44:27-04:00,docs/scholar_missing_turing_2026-09-29.md#sutherland-3467412
https://awards.acm.org/award-recipients/cocke_2083115,"Cocke, John",2026-09-29T09:44:27-04:00,,not_found,2026-09-29T09:44:27-04:00,docs/scholar_missing_turing_2026-09-29.md#cocke-2083115
https://awards.acm.org/award-recipients/wirth_1025774,"Wirth, Niklaus E",2026-09-29T09:44:27-04:00,,not_found,2026-09-29T09:44:27-04:00,docs/scholar_missing_turing_2026-09-29.md#wirth-1025774
https://awards.acm.org/award-recipients/codd_1000892,"Codd, Edgar F",2026-09-29T09:44:27-04:00,,not_found,2026-09-29T09:44:27-04:00,docs/scholar_missing_turing_2026-09-29.md#codd-1000892
https://awards.acm.org/award-recipients/hoare_4622167,"Hoare, C. Antony R.",2026-09-29T09:44:27-04:00,,not_found,2026-09-29T09:44:27-04:00,docs/scholar_missing_turing_2026-09-29.md#hoare-4622167
https://awards.acm.org/award-recipients/iverson_9147499,"Iverson, Kenneth E.",2026-09-29T09:44:27-04:00,,not_found,2026-09-29T09:44:27-04:00,docs/scholar_missing_turing_2026-09-29.md#iverson-9147499
https://awards.acm.org/award-recipients/floyd_3720707,"Floyd, Robert W.",2026-09-29T09:44:27-04:00,,not_found,2026-09-29T09:44:27-04:00,docs/scholar_missing_turing_2026-09-29.md#floyd-3720707
https://awards.acm.org/award-recipients/backus_0703524,"Backus, John",2026-09-29T09:44:27-04:00,,not_found,2026-09-29T09:44:27-04:00,docs/scholar_missing_turing_2026-09-29.md#backus-0703524
https://awards.acm.org/award-recipients/simon_1031467,"Simon, Herbert A",2026-09-29T09:44:27-04:00,https://scholar.google.com/citations?user=9d7rMrkAAAAJ,inaccessible,2026-09-29T09:44:27-04:00,docs/scholar_missing_turing_2026-09-29.md#simon-1031467
https://awards.acm.org/award-recipients/bachman_9385610,"Bachman, Charles W",2026-09-29T09:44:27-04:00,,not_found,2026-09-29T09:44:27-04:00,docs/scholar_missing_turing_2026-09-29.md#bachman-9385610
https://awards.acm.org/award-recipients/dijkstra_1053701,"Dijkstra, Edsger W",2026-09-29T09:44:27-04:00,https://scholar.google.com/citations?user=g875mLgAAAAJ,inaccessible,2026-09-29T09:44:27-04:00,docs/scholar_missing_turing_2026-09-29.md#dijkstra-1053701
https://awards.acm.org/award-recipients/mccarthy_1118322,"McCarthy, John",2026-09-29T09:44:27-04:00,https://scholar.google.com/citations?user=SuVID2wAAAAJ,inaccessible,2026-09-29T09:44:27-04:00,docs/scholar_missing_turing_2026-09-29.md#mccarthy-1118322
https://awards.acm.org/award-recipients/hamming_1000652,"Hamming, Richard W",2026-09-29T09:44:27-04:00,,not_found,2026-09-29T09:44:27-04:00,docs/scholar_missing_turing_2026-09-29.md#hamming-1000652
https://awards.acm.org/award-recipients/wilkes_1001395,"Wilkes, Maurice V.",2026-09-29T09:44:27-04:00,,not_found,2026-09-29T09:44:27-04:00,docs/scholar_missing_turing_2026-09-29.md#wilkes-1001395
https://awards.acm.org/award-recipients/perlis_0132439,"Perlis, A. J.",2026-09-29T09:44:27-04:00,,not_found,2026-09-29T09:44:27-04:00,docs/scholar_missing_turing_2026-09-29.md#perlis-0132439
