roster,name,stored_url,requested_url,final_url,dblp_name,publication_count,fetched_at,crawl_date,html_sha256,capture_path
acm_fellows.csv,"Fu, Yun Raymond",https://dblp.org/pid/00/5815-1,https://dblp.org/pid/00/5815-1,https://dblp.org/pid/00/5815-1.html,Yun Fu 0001,659,2026-09-19T18:54:33Z,2026-09-19,dd6477c944bf9204f198511d8b5868bac4f409c173e23f6dc8caee6013b7c37d,../bigcows-crawler/.cache/dblp-gap-fill-2026-09-19-145403/safari/captures/e07d6abec1efefff6f4b28df69848fc6d47397e4964a78389b6ae5fe7ae22236-1789844074070927000.html
acm_fellows.csv,"Smith, Adam",https://dblp.org/pid/04/5072,https://dblp.org/pid/04/5072,https://dblp.org/pid/04/5072.html,Adam D. Smith 0001,212,2026-09-19T18:55:04Z,2026-09-19,1944421979e8389bf34566fa4de09a37a1c491f7fed351a19072a4f723ceed83,../bigcows-crawler/.cache/dblp-gap-fill-2026-09-19-145403/safari/captures/5cb234ebd9f1c809d7a8cecba9987d1d2052c0e6d4505559c7060b073fb18da7-1789844104747965000.html
acm_fellows.csv,"Das, Gautam",https://dblp.org/pid/07/1181,https://dblp.org/pid/07/1181,https://dblp.org/pid/07/1181.html,Gautam Das 0001,249,2026-09-19T18:55:42Z,2026-09-19,ab999b97676af1b5051d3cb411c4f549e0c704bff4ae6de86582a6ea2cab742e,../bigcows-crawler/.cache/dblp-gap-fill-2026-09-19-145403/safari/captures/6598bd10e836d5baedcd613af06230f0dd20588983e034cf677ff55ca21244cb-1789844142743031000.html
turing_award_winners.csv,"Wilkinson, J. H.",https://dblp.org/pid/15/4740.html,https://dblp.org/pid/15/4740,https://dblp.org/pid/15/4740.html,James Hardy Wilkinson,25,2026-09-19T18:55:49Z,2026-09-19,6cb134574ee62f7831a11acc9530daf22a7552e64c1dc67a7756445acc81657a,../bigcows-crawler/.cache/dblp-gap-fill-2026-09-19-145403/safari/captures/de91f29943e19f92048f2fe9c8d37abcb134bd6f780e0c95bb1978aa6959ba0b-1789844150028595000.html
acm_fellows.csv,"Hart, Peter E",https://dblp.org/pid/16/3809,https://dblp.org/pid/16/3809,https://dblp.org/pid/16/3809.html,Peter E. Hart,37,2026-09-19T18:55:56Z,2026-09-19,19a7ea4e0d43c77855ae888838f5f3a9547f57f783a5652e1db5df64bbe186eb,../bigcows-crawler/.cache/dblp-gap-fill-2026-09-19-145403/safari/captures/b233c2374e5448fde5eb5970669e797b4379479c0c8177b5421f22fd7e477a7a-1789844156650107000.html
acm_fellows.csv,"Kim, Nam Sung",https://dblp.org/pid/18/1402,https://dblp.org/pid/18/1402,https://dblp.org/pid/18/1402.html,Nam Sung Kim,317,2026-09-19T18:56:21Z,2026-09-19,073ee9a3af5c8c7161c5d17ad1682cc7149d4b353f0ddffc669317f7638d2504,../bigcows-crawler/.cache/dblp-gap-fill-2026-09-19-145403/safari/captures/fcadd028ec37e0e11616125f6303ffbebc8e7f5b77882edd8207843e2b56c081-1789844181850879000.html
acm_fellows.csv,"Balakrishnan, Meenakshi",https://dblp.org/pid/24/4827,https://dblp.org/pid/24/4827,https://dblp.org/pid/24/4827.html,M. Balakrishnan,128,2026-09-19T18:56:28Z,2026-09-19,b50b6933fa678ba53a5f5df0606eeac999786a225df92a96554234683e9da82c,../bigcows-crawler/.cache/dblp-gap-fill-2026-09-19-145403/safari/captures/043064702c4f041bdb213a6a868bd36ec65604763a53270bcc3d9bd3eb473501-1789844188899106000.html
acm_fellows.csv,"Gupta, Anupam",https://dblp.org/pid/27/2931,https://dblp.org/pid/27/2931,https://dblp.org/pid/27/2931.html,Anupam Gupta 0001,384,2026-09-19T18:56:35Z,2026-09-19,622838280910ad994f8e1442731a92469f26cc9a7cc821bbc937520c1616423b,../bigcows-crawler/.cache/dblp-gap-fill-2026-09-19-145403/safari/captures/0eb5052d3cc1ae49b863c75787b25d0c9d4159f19c8ba45bf075cbe98cc82ce4-1789844196074486000.html
acm_fellows.csv,"Moran, Thomas",https://dblp.org/pid/30/3377,https://dblp.org/pid/30/3377,https://dblp.org/pid/30/3377.html,Thomas P. Moran,81,2026-09-19T18:56:43Z,2026-09-19,0c8989ca9ad4613e8be8470f941d0d56d286f87ce919f8e30b8824d3a43042d0,../bigcows-crawler/.cache/dblp-gap-fill-2026-09-19-145403/safari/captures/74145374a9feed148384ff6b64808f1aed69af8ccd85a06b7fd0443d6f91286a-1789844203567157000.html
acm_fellows.csv,"Li, Hai",https://dblp.org/pid/30/5330-1,https://dblp.org/pid/30/5330-1,https://dblp.org/pid/30/5330-1.html,Hai Li 0001,582,2026-09-19T18:56:50Z,2026-09-19,5fdd0fed956ef05f6482046408448d82ad7355565c105cbecbfbd84b51de48cd,../bigcows-crawler/.cache/dblp-gap-fill-2026-09-19-145403/safari/captures/91d2c19f35fc0734c0e106ade7590cd18ea1fdf9dca13b7975845624ed41fea3-1789844210654891000.html
acm_fellows.csv,"Banerjee, Suman",https://dblp.org/pid/345/5455-1,https://dblp.org/pid/345/5455-1,https://dblp.org/pid/345/5455-1.html,Suman Banerjee 0001,246,2026-09-19T18:56:58Z,2026-09-19,36793189038adc437470b4963481fc2ca5a595e3f6701d601b44cb8b2b198b45,../bigcows-crawler/.cache/dblp-gap-fill-2026-09-19-145403/safari/captures/3909a1c9de0b4dcbb49004b07b47690352fe256781592c16ffc6292da85eafa8-1789844218339966000.html
acm_fellows.csv,"Heath, Michael",https://dblp.org/pid/35/370,https://dblp.org/pid/35/370,https://dblp.org/pid/35/370.html,Michael T. Heath,44,2026-09-19T18:57:05Z,2026-09-19,b0e6d09a5897683c6f2e75db9afd7bb9a6263397102ffa2d24f21dcf64ae4aad,../bigcows-crawler/.cache/dblp-gap-fill-2026-09-19-145403/safari/captures/b4b069e6ee02b131322b2bd5a603dc66471965357367280d2a65bfbf1dc2ae42-1789844225429085000.html
acm_fellows.csv,"Zhang, Xiaodong",https://dblp.org/pid/37/4356-1,https://dblp.org/pid/37/4356-1,https://dblp.org/pid/37/4356-1.html,Xiaodong Zhang 0001,250,2026-09-19T18:57:12Z,2026-09-19,33f9598d68bdd80d85f6629e7e249e62eb6782c9156c195f79968502d7679131,../bigcows-crawler/.cache/dblp-gap-fill-2026-09-19-145403/safari/captures/d4d491ffa2a6b3db94923fa64cd1520bbb7144bbecd6ee5e740f9a8584312cbf-1789844232653062000.html
acm_fellows.csv,"Kirkpatrick, Scott",https://dblp.org/pid/39/5192,https://dblp.org/pid/39/5192,https://dblp.org/pid/39/5192.html,Scott Kirkpatrick,45,2026-09-19T18:57:19Z,2026-09-19,6e7601dee3fc7d1fd0ffe0fea8748b8208b9bb7c26194db939b280d65f2545cc,../bigcows-crawler/.cache/dblp-gap-fill-2026-09-19-145403/safari/captures/bd43dc20b82036439d3a61922bd2f1a9c42c60551276853bde75f5bbb3d29664-1789844239073386000.html
acm_fellows.csv,"Magnusson, Peter",https://dblp.org/pid/41/1559,https://dblp.org/pid/41/1559,https://dblp.org/pid/41/1559.html,Peter S. Magnusson,11,2026-09-19T18:57:26Z,2026-09-19,70282632e6df6b251754f2e6643737deafc4259c99f464ff14cd2ffdf8ec3a28,../bigcows-crawler/.cache/dblp-gap-fill-2026-09-19-145403/safari/captures/e772641b50e83d67ab9c1644de755c2cb89f7ed70d3ff9d96c1a13f82194b8ad-1789844246464052000.html
acm_fellows.csv,"Huang, Xuedong",https://dblp.org/pid/41/4753,https://dblp.org/pid/41/4753,https://dblp.org/pid/41/4753.html,Xuedong Huang 0001,111,2026-09-19T18:57:34Z,2026-09-19,41c5f1c20e21b70fc2d67c486c0d4fd5dc1d3a16d7399608f1e32e9e973c5e76,../bigcows-crawler/.cache/dblp-gap-fill-2026-09-19-145403/safari/captures/0da04ccca4e23aca2c435707232a85a5e026437f09baed644e06a82fc343b7a8-1789844254350710000.html
acm_fellows.csv,"Boehm, Hans",https://dblp.org/pid/43/2339,https://dblp.org/pid/43/2339,https://dblp.org/pid/43/2339.html,Hans-Juergen Boehm,64,2026-09-19T18:57:41Z,2026-09-19,d97d7d3ab0fd85e0b80b1b4fc39156b4918153477ccbd590ef9cf8ccb9f668dc,../bigcows-crawler/.cache/dblp-gap-fill-2026-09-19-145403/safari/captures/6cab88a967d246f568f79e6b181049412924342a0acbeaef899304f9e58eaff8-1789844261565305000.html
acm_fellows.csv,"Kang , Sung Mo",https://dblp.org/pid/57/2381-1.html,https://dblp.org/pid/57/2381-1,https://dblp.org/pid/57/2381-1.html,Sung-Mo Kang 0001,29,2026-09-19T18:57:49Z,2026-09-19,fa4dad2de6afa5cbd197e420d17ca6d889fc21fdc92a8558164b7bb5ef8047d3,../bigcows-crawler/.cache/dblp-gap-fill-2026-09-19-145403/safari/captures/2b212f305cb24f62e12235cd2a7ddd29aa786847c8086c7b3812e413df8027a6-1789844269650614000.html
acm_fellows.csv,"Chan, Timothy",https://dblp.org/pid/60/3556,https://dblp.org/pid/60/3556,https://dblp.org/pid/60/3556.html,Timothy M. Chan,364,2026-09-19T18:57:57Z,2026-09-19,be2b35b7020871119f3a1e48a3300d08aaea3a12d036ecc7422a36f6e11b5d43,../bigcows-crawler/.cache/dblp-gap-fill-2026-09-19-145403/safari/captures/460b7ad4c5c7c751d8f5ba7e7ee2a187192afa79b58ab31af03f0f9ca7033f32-1789844277926431000.html
acm_fellows.csv,"Mukherjee, Shubu",https://dblp.org/pid/65/1049,https://dblp.org/pid/65/1049,https://dblp.org/pid/65/1049.html,Shubhendu S. Mukherjee,36,2026-09-19T18:58:04Z,2026-09-19,64b6b0bbdfdf6c8b199f7aba569bc55ea8701fc6bf4ed613ef7ef4d11541eca8,../bigcows-crawler/.cache/dblp-gap-fill-2026-09-19-145403/safari/captures/90791c77b90c280db25afe5c979bd8ee6c6f2e6e36bcd674c14bc688cba29813-1789844284526618000.html
acm_fellows.csv,"Cattell, Rick",https://dblp.org/pid/67/2932,https://dblp.org/pid/67/2932,https://dblp.org/pid/67/2932.html,R. G. G. Cattell,38,2026-09-19T18:58:12Z,2026-09-19,cf5fea95cc0feb9c40334d92c8ceb53cf50f0e0dd8f91f92a9aa8d2cf549c174,../bigcows-crawler/.cache/dblp-gap-fill-2026-09-19-145403/safari/captures/efc9e6778d501f451b2c602309c9190b7fc5f285a68e54c1be840d429ac86b01-1789844292722693000.html
acm_fellows.csv,"Gao, Lixin",https://dblp.org/pid/69/3480-1,https://dblp.org/pid/69/3480-1,https://dblp.org/pid/69/3480-1.html,Lixin Gao 0001,195,2026-09-19T18:58:20Z,2026-09-19,57af904bc322ae8af2c3b7f08bd56e07c81bba58fe127ca50afe818c467588bf,../bigcows-crawler/.cache/dblp-gap-fill-2026-09-19-145403/safari/captures/6202fb174e5cd7badfff3d3d5e94bc7b8c413df9ace28897c9d836173b16dfda-1789844300872338000.html
acm_fellows.csv,"Zhang, Zhengyou",https://dblp.org/pid/73/5043,https://dblp.org/pid/73/5043,https://dblp.org/pid/73/5043.html,Zhengyou Zhang,339,2026-09-19T18:58:27Z,2026-09-19,09e6f965230eb754706c6c120fb01f09dd6aa2637260938dd01f93ff956d1089,../bigcows-crawler/.cache/dblp-gap-fill-2026-09-19-145403/safari/captures/c7572850c9b97c291258bf6e70050ef360d5914d0dc2c89d2acb139218d17c29-1789844308048112000.html
acm_fellows.csv,"Aiken, Robert",https://dblp.org/pid/78/1872,https://dblp.org/pid/78/1872,https://dblp.org/pid/78/1872.html,Robert M. Aiken,68,2026-09-19T18:58:34Z,2026-09-19,129ec340d45a0331a5278abf49b035431ad6583e9b7c01aad36acb5a8844efcb,../bigcows-crawler/.cache/dblp-gap-fill-2026-09-19-145403/safari/captures/fd7121d8ea7b6dca30c5d83d864f99dfb3965c4dd6cb0166906c947de9698665-1789844314987306000.html
acm_fellows.csv,"Park, Haesun",https://dblp.org/pid/78/5322,https://dblp.org/pid/78/5322,https://dblp.org/pid/78/5322.html,Haesun Park,195,2026-09-19T18:58:42Z,2026-09-19,b780d18f9d61ac8ba5af3f606d2df64d26daf90abbe099653de15d09866da06e,../bigcows-crawler/.cache/dblp-gap-fill-2026-09-19-145403/safari/captures/8e51372e8820a27a4af0208dd4bf0450e22c1cad4436b1789f32bd397cd578bb-1789844322724365000.html
acm_fellows.csv,"Dubois, Michel",https://dblp.org/pid/80/1836-1,https://dblp.org/pid/80/1836-1,https://dblp.org/pid/80/1836-1.html,Michel Dubois 0001,126,2026-09-19T19:00:11Z,2026-09-19,ca87349febffcb5f748d2f919da4b1cd6db7996650b896676e87e7312174d274,../bigcows-crawler/.cache/dblp-gap-fill-2026-09-19-145403/safari/captures/97c74033be6e7e117c46fc58fd6a5898624ded56a466a0307408a80c3488d834-1789844411140244000.html
acm_fellows.csv,"Jackson, Daniel",https://dblp.org/pid/80/1906-1,https://dblp.org/pid/80/1906-1,https://dblp.org/pid/80/1906-1.html,Daniel Jackson 0001,126,2026-09-19T19:00:18Z,2026-09-19,50ee4c6dbe87d392436459caeb933d12b63253f8801c3b6d40d75f4a3c11e9d6,../bigcows-crawler/.cache/dblp-gap-fill-2026-09-19-145403/safari/captures/df18666f23b2d868e8b129379502bf37298a8cca6a8f9bd8564f2e9c32a31b54-1789844418654204000.html
acm_fellows.csv,"Morris, Robert",https://dblp.org/pid/82/11191,https://dblp.org/pid/82/11191,https://dblp.org/pid/82/11191.html,Robert Morris 0005,101,2026-09-19T19:00:26Z,2026-09-19,3496b2336748ccc947bb9cd6569e8b42400e0054b243f80c5090f927dbee63ca,../bigcows-crawler/.cache/dblp-gap-fill-2026-09-19-145403/safari/captures/4849e4e96dd4b28e2460335f8e08ee738c245b4a0aff828bc97d5bfc9655e6ac-1789844426097382000.html
acm_fellows.csv,"Lu, Chenyang",https://dblp.org/pid/88/683,https://dblp.org/pid/88/683,https://dblp.org/pid/88/683.html,Chenyang Lu 0001,295,2026-09-19T19:00:34Z,2026-09-19,6aa7c7adf68979ea290713b5105b63b4ef7f3ab0b1375e211e846f55beab33d4,../bigcows-crawler/.cache/dblp-gap-fill-2026-09-19-145403/safari/captures/baaa43616d45e44fdf298b61e5e2ec7706fd9c231246ce2587d994aa4ad5cd1e-1789844434489313000.html
acm_fellows.csv,"Liu, Huan",https://dblp.org/pid/92/309-1,https://dblp.org/pid/92/309-1,https://dblp.org/pid/92/309-1.html,Huan Liu 0001,926,2026-09-19T19:00:42Z,2026-09-19,dddab264f6891489bbebacdde6e344d32a48ce43b606e5c5a174ee04417a7a6a,../bigcows-crawler/.cache/dblp-gap-fill-2026-09-19-145403/safari/captures/c03a046b669857070180d602bf4c5a6e95ccbd29cf2843d953bf52ea7c6da07d-1789844443484240000.html
acm_fellows.csv,"Newell, Alan",https://dblp.org/pid/94/5975,https://dblp.org/pid/94/5975,https://dblp.org/pid/94/5975.html,Alan F. Newell,56,2026-09-19T19:00:50Z,2026-09-19,c9863458197dd2d6461dbdc80ac070a8a96f7087701d6a01f0d262cc44f5911e,../bigcows-crawler/.cache/dblp-gap-fill-2026-09-19-145403/safari/captures/390143c53aacee4ea45714008e4e1882d92116ef5d7b0aee2b776fe0ecfb1e5c-1789844450065972000.html
acm_fellows.csv,"Zhou, Yuanyuan",https://dblp.org/pid/99/2747-1,https://dblp.org/pid/99/2747-1,https://dblp.org/pid/99/2747-1.html,Yuanyuan Zhou 0001,121,2026-09-19T19:00:58Z,2026-09-19,0b3eb850d73a9f3118b0404a9ac19ac31cfba93627fbb3d44da35ed17cc01a6a,../bigcows-crawler/.cache/dblp-gap-fill-2026-09-19-145403/safari/captures/f5b357ac7e3ad6d2712006e9d75e97e744dc5e3eca6bfc80f039292ccf250817-1789844458332522000.html
acm_fellows.csv,Arvind,https://dblp.org/pid/a/Arvind,https://dblp.org/pid/a/Arvind,https://dblp.org/pid/a/Arvind.html,Arvind 0001,151,2026-09-19T19:01:04Z,2026-09-19,1338501ba5844edbf947a6c4de8e6e213a1f139bced728b57a5cfc88add9574c,../bigcows-crawler/.cache/dblp-gap-fill-2026-09-19-145403/safari/captures/d94542d84121cb8ac9c0265fa3fa8ae96db22085b7bf50525ed0bb06aeed3992-1789844464890703000.html
acm_fellows.csv,"Abraham, Jacob",https://dblp.org/pid/a/JacobAAbraham,https://dblp.org/pid/a/JacobAAbraham,https://dblp.org/pid/a/JacobAAbraham.html,Jacob A. Abraham,449,2026-09-19T19:01:11Z,2026-09-19,0f01011f9afc7eea17619801930cb5ad1e874d31b09b840b64a95c65a066582d,../bigcows-crawler/.cache/dblp-gap-fill-2026-09-19-145403/safari/captures/f22e8cdad9d9408ae3d07f6dc43b5dd8e24d7b54fec4538e5144add8c2944702-1789844472002531000.html
acm_fellows.csv,"Chien, Andrew A",https://dblp.org/pid/c/AAChien,https://dblp.org/pid/c/AAChien,https://dblp.org/pid/c/AAChien.html,Andrew A. Chien,282,2026-09-19T19:01:20Z,2026-09-19,5f3042205005e80c401d2ef8193ff379af7de3ca6fb8f6ce5fa0caeca78e3c1b,../bigcows-crawler/.cache/dblp-gap-fill-2026-09-19-145403/safari/captures/b81aabb4f05b33644977496ceba978b4ce73b27204b35645cbb8578d8963c94b-1789844480235204000.html
acm_fellows.csv,"Choudhary, Alok",https://dblp.org/pid/c/AlokNChoudhary,https://dblp.org/pid/c/AlokNChoudhary,https://dblp.org/pid/c/AlokNChoudhary.html,Alok N. Choudhary,543,2026-09-19T19:01:28Z,2026-09-19,4eaf225a9bfea0a3d302f1266d10565f6ee13d15fa876ae1b472813bb47023d5,../bigcows-crawler/.cache/dblp-gap-fill-2026-09-19-145403/safari/captures/335a1aebef1174a9ff6389ebcf722036942d45a45d42d4f82e90e63afdd86a84-1789844488502685000.html
acm_fellows.csv,"Chen, Hsinchun",https://dblp.org/pid/c/HsinchunChen,https://dblp.org/pid/c/HsinchunChen,https://dblp.org/pid/c/HsinchunChen.html,Hsinchun Chen,637,2026-09-19T19:01:36Z,2026-09-19,ec105baa70a87a068df3ca3fe1ed1152bfe2cb686c8e7b3f2da297e3a9155e38,../bigcows-crawler/.cache/dblp-gap-fill-2026-09-19-145403/safari/captures/f67b65ecd40e2a57ea323c9daec575569eb87d657eaba19c4e4652a2b4f27b4e-1789844497250887000.html
acm_fellows.csv,"Carroll, John Millar",https://dblp.org/pid/c/JohnMCarroll,https://dblp.org/pid/c/JohnMCarroll,https://dblp.org/pid/c/JohnMCarroll.html,John M. Carroll 0001,511,2026-09-19T19:01:44Z,2026-09-19,5286230c1febab8e01615f457ffffaabc438b70617f9ad6a5726fc4ab0360086,../bigcows-crawler/.cache/dblp-gap-fill-2026-09-19-145403/safari/captures/66e1265e34517a35257eecc37ddb635a0c183eddcfc6a6a1bcace277532c3ea1-1789844504418689000.html
acm_fellows.csv,"Dill, David",https://dblp.org/pid/d/DavidLDill,https://dblp.org/pid/d/DavidLDill,https://dblp.org/pid/d/DavidLDill.html,David L. Dill,186,2026-09-19T19:01:52Z,2026-09-19,e2c60054ed9e575ab27f6591c3b59f939fa67bfdb7b23f53770c1b8e411fdfe3,../bigcows-crawler/.cache/dblp-gap-fill-2026-09-19-145403/safari/captures/6790effcd4f2a85e6d00461ca7eca7b3f3fd4235a1419c6f5a766d5f98b1440a-1789844512578293000.html
acm_fellows.csv,"de Kleer, Johan",https://dblp.org/pid/d/JohandeKleer,https://dblp.org/pid/d/JohandeKleer,https://dblp.org/pid/d/JohandeKleer.html,Johan de Kleer,105,2026-09-19T19:01:59Z,2026-09-19,e11c9fb97e3330ba73bc9395704ac3a1d8444def5e9781c660f99aa05e9d6331,../bigcows-crawler/.cache/dblp-gap-fill-2026-09-19-145403/safari/captures/3443743ef4f00850d91c99b1ce6ec42309a8b989ebaf8c7bdc4cddd944c16e86-1789844519674809000.html
acm_fellows.csv,"Gao, Guang",https://dblp.org/pid/g/GuangRGao,https://dblp.org/pid/g/GuangRGao,https://dblp.org/pid/g/GuangRGao.html,Guang R. Gao,319,2026-09-19T19:02:07Z,2026-09-19,24664bdea11be357aa13f5a49e794e9ffd5b7a0aa51d82bc87aacd2c918a23bf,../bigcows-crawler/.cache/dblp-gap-fill-2026-09-19-145403/safari/captures/eb1ff87f188ec2863517acd0afaa0cfe19819c43d5bf8ff0e4a73f7f78cbb8eb-1789844528114143000.html
acm_fellows.csv,"Gray, Jim",https://dblp.org/pid/g/JimGray.html,https://dblp.org/pid/g/JimGray,https://dblp.org/pid/g/JimGray.html,Jim Gray 0001,174,2026-09-19T19:02:15Z,2026-09-19,92389656bc602f44ff2fc7c50ea69bf37b4f8a4fe8ea040cf680cb1e68248600,../bigcows-crawler/.cache/dblp-gap-fill-2026-09-19-145403/safari/captures/c597db1ffeb73a4d889d4bd19d9eeec8432f9e5817f280739cd38205274346ff-1789844535267682000.html
turing_award_winners.csv,"Gray, Jim",https://dblp.org/pid/g/JimGray.html,https://dblp.org/pid/g/JimGray,https://dblp.org/pid/g/JimGray.html,Jim Gray 0001,174,2026-09-19T19:02:15Z,2026-09-19,92389656bc602f44ff2fc7c50ea69bf37b4f8a4fe8ea040cf680cb1e68248600,../bigcows-crawler/.cache/dblp-gap-fill-2026-09-19-145403/safari/captures/c597db1ffeb73a4d889d4bd19d9eeec8432f9e5817f280739cd38205274346ff-1789844535267682000.html
acm_fellows.csv,"Gupta, Rajiv",https://dblp.org/pid/g/RajivGupta,https://dblp.org/pid/g/RajivGupta,https://dblp.org/pid/g/RajivGupta.html,Rajiv Gupta 0001,331,2026-09-19T19:02:23Z,2026-09-19,cbca283c3a0efb301d4df8a7a19f7803e8ad670178e2e9dd61a2f084df162861,../bigcows-crawler/.cache/dblp-gap-fill-2026-09-19-145403/safari/captures/5ffda747e79909a0f5e60e09e50db266d19f8436f5c77d22be05a9cceba73764-1789844544124257000.html
acm_fellows.csv,"Gao, Wen",https://dblp.org/pid/g/WenGao,https://dblp.org/pid/g/WenGao,https://dblp.org/pid/g/WenGao.html,Wen Gao 0001,1530,2026-09-19T19:02:31Z,2026-09-19,a9573dbc890cf659520f7e0240af0c19e68fdbb7104b4b6fd3c132762705ca2f,../bigcows-crawler/.cache/dblp-gap-fill-2026-09-19-145403/safari/captures/ba12b10a3818056b3612adde8a841db617e7eb8322f2ef5501ef267a672e8e1d-1789844552761426000.html
acm_fellows.csv,"Hong, Jason",https://dblp.org/pid/h/JasonIHong,https://dblp.org/pid/h/JasonIHong,https://dblp.org/pid/h/JasonIHong.html,Jason I. Hong,259,2026-09-19T19:02:40Z,2026-09-19,3bf525e6b6f9c25fb961df264286ec189e49d677f8ce409ae8f145bf628b73ea,../bigcows-crawler/.cache/dblp-gap-fill-2026-09-19-145403/safari/captures/502b00d5984b981dca83d1d406ef1bffa90d306ebc551a7b70f3115095256376-1789844561129558000.html
acm_fellows.csv,"Haas, Peter",https://dblp.org/pid/h/PeterJHaas,https://dblp.org/pid/h/PeterJHaas,https://dblp.org/pid/h/PeterJHaas.html,Peter J. Haas,144,2026-09-19T19:02:48Z,2026-09-19,c85bd7508fa987b30897f7e80aadb698a2dc22d93af52190e81de08acfe36e4b,../bigcows-crawler/.cache/dblp-gap-fill-2026-09-19-145403/safari/captures/c8128612169257af799973e95de5a76b301426025af4675bdc1ef3edd1927877-1789844569073751000.html
acm_fellows.csv,"Jensen, Christian S.",https://dblp.org/pid/j/ChristianSJensen,https://dblp.org/pid/j/ChristianSJensen,https://dblp.org/pid/j/ChristianSJensen.html,Christian S. Jensen,803,2026-09-19T19:02:56Z,2026-09-19,dfd5f8244bfabaddae0424555b23f0fa8e86e3cbf2ce45cf9e4384d42fb39db7,../bigcows-crawler/.cache/dblp-gap-fill-2026-09-19-145403/safari/captures/dc266ba58921b57be79537d3e02ac7fe466918778198453ed3f645c1446fdcf4-1789844577300784000.html
acm_fellows.csv,"Kuo, Chung C",https://dblp.org/pid/k/CCJayKuo,https://dblp.org/pid/k/CCJayKuo,https://dblp.org/pid/k/CCJayKuo.html,C.-C. Jay Kuo,1126,2026-09-19T19:03:06Z,2026-09-19,fce7aaf559050686f96bbaf9bd2fcb044eac6f288f23fc01eff9da9db683bc4b,../bigcows-crawler/.cache/dblp-gap-fill-2026-09-19-145403/safari/captures/83728ce50815f63dc8d31ec10326e291613b02a65362a417c40f1bde8310e9bb-1789844587099177000.html
acm_fellows.csv,"Kumar, Ravi",https://dblp.org/pid/k/RaviKumar,https://dblp.org/pid/k/RaviKumar,https://dblp.org/pid/k/RaviKumar.html,Ravi Kumar 0001,482,2026-09-19T19:03:15Z,2026-09-19,0e452e42c4366e87bcf7de2745a5b12da1a2678f332df59e51a388f561d89df8,../bigcows-crawler/.cache/dblp-gap-fill-2026-09-19-145403/safari/captures/3b85975e88e2075ba013ec32e5eecc0ed80746dc8c0304f20588dcb5932fb664-1789844596234312000.html
acm_fellows.csv,"Karp, Richard",https://dblp.org/pid/k/RichardMKarp,https://dblp.org/pid/k/RichardMKarp,https://dblp.org/pid/k/RichardMKarp.html,Richard M. Karp,252,2026-09-19T19:03:24Z,2026-09-19,5ba42a9aa0ee17025c8445f6becdfafb966c2b66b6c98b647076698de2a7b62a,../bigcows-crawler/.cache/dblp-gap-fill-2026-09-19-145403/safari/captures/89bf23ccbe3cacc215e87ab8f333b32e35fad49c345f248ff63da3197495c9dd-1789844604569556000.html
turing_award_winners.csv,"Karp, Richard",https://dblp.org/pid/k/RichardMKarp,https://dblp.org/pid/k/RichardMKarp,https://dblp.org/pid/k/RichardMKarp.html,Richard M. Karp,252,2026-09-19T19:03:24Z,2026-09-19,5ba42a9aa0ee17025c8445f6becdfafb966c2b66b6c98b647076698de2a7b62a,../bigcows-crawler/.cache/dblp-gap-fill-2026-09-19-145403/safari/captures/89bf23ccbe3cacc215e87ab8f333b32e35fad49c345f248ff63da3197495c9dd-1789844604569556000.html
acm_fellows.csv,"Liu, Bing",https://dblp.org/pid/l/BingLiu1,https://dblp.org/pid/l/BingLiu1,https://dblp.org/pid/l/BingLiu1.html,Bing Liu 0001,435,2026-09-19T19:04:37Z,2026-09-19,717cf6a171cd3a99bbfe84a4f9ffcdbf48abca29837c5ca73825d8ef8e3464bc,../bigcows-crawler/.cache/dblp-gap-fill-2026-09-19-145403/safari/captures/d2e09438d800cf835da22089a13bef2d4dddf711c0272c7e28b9640987ce9ee2-1789844678116020000.html
acm_fellows.csv,"Levine, Brian",https://dblp.org/pid/l/BrianNeilLevine,https://dblp.org/pid/l/BrianNeilLevine,https://dblp.org/pid/l/BrianNeilLevine.html,Brian Neil Levine,111,2026-09-19T19:04:45Z,2026-09-19,6b6fe7c4736011d35987999bbf74110803a21f01752db0ab1470c20763d7c02c,../bigcows-crawler/.cache/dblp-gap-fill-2026-09-19-145403/safari/captures/5797ea22190631f4828bf8d7173ffce4930d54bd399a23ab779255d0b0ec6ff2-1789844685549192000.html
acm_fellows.csv,"li, guoliang",https://dblp.org/pid/l/GuoliangLi,https://dblp.org/pid/l/GuoliangLi,https://dblp.org/pid/l/GuoliangLi.html,Guoliang Li 0001,500,2026-09-19T19:04:53Z,2026-09-19,ce79382a28f545305658cac321e68f20297043c20937e75dc8fe8eab87af9f5a,../bigcows-crawler/.cache/dblp-gap-fill-2026-09-19-145403/safari/captures/ea042045976a3739e1590f29072cc3b8a13e7490941d1f96d3fe3bb82410375a-1789844693625801000.html
acm_fellows.csv,"Littman, Michael",https://dblp.org/pid/l/MLLittman,https://dblp.org/pid/l/MLLittman,https://dblp.org/pid/l/MLLittman.html,Michael L. Littman,316,2026-09-19T19:05:01Z,2026-09-19,fb0712b9282a8e303ff433066880978b23fc2c0269c0f7a6ad6e915bf5fdde5a,../bigcows-crawler/.cache/dblp-gap-fill-2026-09-19-145403/safari/captures/f8b298cf56335966d077d0c7f17395e655eabc520a10cd52ee3e3dfe8c23f13c-1789844701548136000.html
acm_fellows.csv,"Lin, Ming C",https://dblp.org/pid/l/MingCLin,https://dblp.org/pid/l/MingCLin,https://dblp.org/pid/l/MingCLin.html,Ming C. Lin,470,2026-09-19T19:05:09Z,2026-09-19,95aea2b42aec5e8c4bc57cc63255bdb347be25c82b834a4ae8f09c5c793d7e21,../bigcows-crawler/.cache/dblp-gap-fill-2026-09-19-145403/safari/captures/6ce05cc0f9f3f3251501cce1baaad03a1f18af54a77206b9bb13d55674f2947a-1789844710187963000.html
acm_fellows.csv,"Lee, Peter",https://dblp.org/pid/l/PeterLee1,https://dblp.org/pid/l/PeterLee1,https://dblp.org/pid/l/PeterLee1.html,Peter Lee 0001,69,2026-09-19T19:05:18Z,2026-09-19,8602827e048922c8056980544c7e9967ef6a51a74eb3ad75bfd8ec16aeaa0d97,../bigcows-crawler/.cache/dblp-gap-fill-2026-09-19-145403/safari/captures/5d81a824b0f0340fea6a4f236dd15c94bfcbe768fa119d4d20864312a365e0db-1789844718395655000.html
acm_fellows.csv,"Mohan, C.",https://dblp.org/pid/m/CMohan,https://dblp.org/pid/m/CMohan,https://dblp.org/pid/m/CMohan.html,C. Mohan 0001,128,2026-09-19T19:05:26Z,2026-09-19,6bb16984e140bf2528ab8391739961f5a5dcd60d0173103c56a7b014eb1ce765,../bigcows-crawler/.cache/dblp-gap-fill-2026-09-19-145403/safari/captures/0c66185efc0b2b80088376710a0a451343eb9ec4a7fc17d328f7297bde1d90af-1789844726574263000.html
acm_fellows.csv,"Mitchell, John C.",https://dblp.org/pid/m/JohnCMitchell,https://dblp.org/pid/m/JohnCMitchell,https://dblp.org/pid/m/JohnCMitchell.html,John C. Mitchell,278,2026-09-19T19:05:34Z,2026-09-19,2db1cdbe1c15f1ee818fb385b6d28d7b1fdaa485ee2f939d15a838c882e8a51c,../bigcows-crawler/.cache/dblp-gap-fill-2026-09-19-145403/safari/captures/c4c322225273f105dfc668947c05a257b6f27fe83262cef2fab8a5114f2315e6-1789844734971159000.html
acm_fellows.csv,"Mitchell, Joseph",https://dblp.org/pid/m/JosephSBMitchell,https://dblp.org/pid/m/JosephSBMitchell,https://dblp.org/pid/m/JosephSBMitchell.html,Joseph S. B. Mitchell,384,2026-09-19T19:05:42Z,2026-09-19,1aa038fdab644876f9c8cdf256be9b5906a9e2555c5007579ddfb5e6a4d408ac,../bigcows-crawler/.cache/dblp-gap-fill-2026-09-19-145403/safari/captures/37c71fa6d79c7d63fb1bf44df8854f4170c70c4aa065cfdd55884faf62c4d86a-1789844742320033000.html
acm_fellows.csv,"Patterson, David",https://dblp.org/pid/p/DAPatterson.html,https://dblp.org/pid/p/DAPatterson,https://dblp.org/pid/p/DAPatterson.html,David A. Patterson 0001,288,2026-09-19T19:05:49Z,2026-09-19,6c542e5effbf185c8cad1f2ffc4756349f135fff0f9b1b02ca91f6d03315779e,../bigcows-crawler/.cache/dblp-gap-fill-2026-09-19-145403/safari/captures/c57f602712a7b334ac90f4bc27cf9faf4ad12157f0e5b7242040df2bc1df841a-1789844749956312000.html
turing_award_winners.csv,"Patterson, David",https://dblp.org/pid/p/DAPatterson.html,https://dblp.org/pid/p/DAPatterson,https://dblp.org/pid/p/DAPatterson.html,David A. Patterson 0001,288,2026-09-19T19:05:49Z,2026-09-19,6c542e5effbf185c8cad1f2ffc4756349f135fff0f9b1b02ca91f6d03315779e,../bigcows-crawler/.cache/dblp-gap-fill-2026-09-19-145403/safari/captures/c57f602712a7b334ac90f4bc27cf9faf4ad12157f0e5b7242040df2bc1df841a-1789844749956312000.html
acm_fellows.csv,"Parkes, David",https://dblp.org/pid/p/DavidCParkes,https://dblp.org/pid/p/DavidCParkes,https://dblp.org/pid/p/DavidCParkes.html,David C. Parkes,379,2026-09-19T19:05:57Z,2026-09-19,fed30e338db5db3482804eb586bc7d939811cfa4180b80d6875fa7f27d5eefd2,../bigcows-crawler/.cache/dblp-gap-fill-2026-09-19-145403/safari/captures/686fa3b334e6c480a70380e4adc751ce63615348ada307454a58a28c34f73726-1789844757542665000.html
acm_fellows.csv,"Pereira, Fernando",https://dblp.org/pid/p/FernandoCNPereira,https://dblp.org/pid/p/FernandoCNPereira,https://dblp.org/pid/p/FernandoCNPereira.html,Fernando Pereira 0003,157,2026-09-19T19:06:05Z,2026-09-19,0f8fbecc2fa8423ef44b7471d7536d0ab0eea1111a5104aee235d82bdb285c8a,../bigcows-crawler/.cache/dblp-gap-fill-2026-09-19-145403/safari/captures/46a345f4c3f3e590f39e8013bea2d32d965c1e1388fc374c09333167d5e028be-1789844765246495000.html
acm_fellows.csv,"Peterson, Larry L",https://dblp.org/pid/p/LLPeterson,https://dblp.org/pid/p/LLPeterson,https://dblp.org/pid/p/LLPeterson.html,Larry L. Peterson,135,2026-09-19T19:06:11Z,2026-09-19,d93485a82c420a158ac48992297ba6ac294f8a872f76aae0330bcbb2888c6a39,../bigcows-crawler/.cache/dblp-gap-fill-2026-09-19-145403/safari/captures/b1b009e638f2c1599f7d2e3f447f7f7812f0275661f6ab73107d0a8549404eb1-1789844771923973000.html
acm_fellows.csv,"Pop, Mihai",https://dblp.org/pid/p/MihaiPop,https://dblp.org/pid/p/MihaiPop,https://dblp.org/pid/p/MihaiPop.html,Mihai Pop,72,2026-09-19T19:06:18Z,2026-09-19,877b62d659a52a61f0efd815927b514e60a18a5bb623be3af5533e022da80957,../bigcows-crawler/.cache/dblp-gap-fill-2026-09-19-145403/safari/captures/340ffb182eace8ed09f3ab9f1b2f5290cebc15af9fa9ee2c03d4e948709248ff-1789844778933808000.html
acm_fellows.csv,"Roth, Dan",https://dblp.org/pid/r/DanRoth,https://dblp.org/pid/r/DanRoth,https://dblp.org/pid/r/DanRoth.html,Dan Roth 0001,831,2026-09-19T19:06:27Z,2026-09-19,cdb9c943968aceb889a89fd2e4d322020dc98873540c04b708d000600eca25f7,../bigcows-crawler/.cache/dblp-gap-fill-2026-09-19-145403/safari/captures/189305f2cded1d5e395bff1c74b94ab00dbbc99aadf7cc51b9907f78f15c4c19-1789844787634477000.html
acm_fellows.csv,"Robertson, George",https://dblp.org/pid/r/GGRobertson,https://dblp.org/pid/r/GGRobertson,https://dblp.org/pid/r/GGRobertson.html,George G. Robertson,99,2026-09-19T19:06:34Z,2026-09-19,e18e50cd449647d54a6ef1fdf15f07aca1d92b3bdda0023c2c731e57d721e522,../bigcows-crawler/.cache/dblp-gap-fill-2026-09-19-145403/safari/captures/c817d7995470ddefcadc2df2a19389878498c9f9cfa1fc12c4dc5eb4b7a8596d-1789844794927544000.html
acm_fellows.csv,"Reynolds, John C",https://dblp.org/pid/r/JohnCReynolds,https://dblp.org/pid/r/JohnCReynolds,https://dblp.org/pid/r/JohnCReynolds.html,John C. Reynolds,47,2026-09-19T19:06:41Z,2026-09-19,d9d86aeffe64c6a951301eba8e1fbd78dc970cc8e38949e6f0931641e0dcd435,../bigcows-crawler/.cache/dblp-gap-fill-2026-09-19-145403/safari/captures/50c79e9b1ffa86aa5cc609de5f871f7a9897f07cca8f2ffb3ce56d63edb01ffb-1789844801597332000.html
acm_fellows.csv,"Ross, Keith",https://dblp.org/pid/r/KWRoss,https://dblp.org/pid/r/KWRoss,https://dblp.org/pid/r/KWRoss.html,Keith W. Ross,205,2026-09-19T19:06:49Z,2026-09-19,e8fc8e23a4e4d3c5443eaf4a37defbe1c7a010a2d4e60b5f4b14901fe612c502,../bigcows-crawler/.cache/dblp-gap-fill-2026-09-19-145403/safari/captures/db5aab41bc38bec119650c0f43e752633490b86fdc9be3170b8c001f1645d0ae-1789844809165127000.html
acm_fellows.csv,"ramamritham, krithivasan",https://dblp.org/pid/r/KrithiRamamritham,https://dblp.org/pid/r/KrithiRamamritham,https://dblp.org/pid/r/KrithiRamamritham.html,Krithi Ramamritham,357,2026-09-19T19:06:56Z,2026-09-19,5ab915cd4b94d7840a4d46a96c2e0b3eedf96d0718f92a6650dae9bdd4466e54,../bigcows-crawler/.cache/dblp-gap-fill-2026-09-19-145403/safari/captures/9332be2674b254dae6e737eb0f5da46a445701422f838a29d5e02d33c6e85adc-1789844816992092000.html
acm_fellows.csv,"Reiter, Michael",https://dblp.org/pid/r/MichaelKReiter,https://dblp.org/pid/r/MichaelKReiter,https://dblp.org/pid/r/MichaelKReiter.html,Michael K. Reiter,347,2026-09-19T19:07:04Z,2026-09-19,d4b240a43972e2b706bc6389ff7b84254ce9fc7275ecd6f723e93fa9c0bc7fa5,../bigcows-crawler/.cache/dblp-gap-fill-2026-09-19-145403/safari/captures/4299f9c14e32429ae526e1dcc3122f272ab8fce85f0042d14066e60699f655c4-1789844824984014000.html
acm_fellows.csv,"Rajamani, Sriram",https://dblp.org/pid/r/SriramKRajamani,https://dblp.org/pid/r/SriramKRajamani,https://dblp.org/pid/r/SriramKRajamani.html,Sriram K. Rajamani,134,2026-09-19T19:07:13Z,2026-09-19,a44f40303a394b8ee4ece3415db38bd06e2861489622a421745685f3770131ac,../bigcows-crawler/.cache/dblp-gap-fill-2026-09-19-145403/safari/captures/665c73db91a522fa8b4efdd1e1d5627780a8073ff383168c87c930a92d18b7d4-1789844833215864000.html
acm_fellows.csv,"Sheth, Amit",https://dblp.org/pid/s/AmitPSheth,https://dblp.org/pid/s/AmitPSheth,https://dblp.org/pid/s/AmitPSheth.html,Amit P. Sheth,752,2026-09-19T19:07:21Z,2026-09-19,d22e37040f0d7858b09be4c92c66e783298f3ac57dd2b1402096d1f8bec70fc0,../bigcows-crawler/.cache/dblp-gap-fill-2026-09-19-145403/safari/captures/9eef6fa3ce61d86f341a48bf715d9da91674c4afa3e6ab0b85ad620520919f8d-1789844841521730000.html
acm_fellows.csv,"Suciu, Dan",https://dblp.org/pid/s/DanSuciu,https://dblp.org/pid/s/DanSuciu,https://dblp.org/pid/s/DanSuciu.html,Dan Suciu,468,2026-09-19T19:07:28Z,2026-09-19,4f7cb01768a8072c339e51e55fec5c988c11e4d019f399b4385cf9e650d6c15f,../bigcows-crawler/.cache/dblp-gap-fill-2026-09-19-145403/safari/captures/ae981c2da5b8e5ec12dfb43b1cf23f05e0324fcdaedd6c39abc22abd72970b54-1789844848975716000.html
acm_fellows.csv,"Shim, Kyuseok",https://dblp.org/pid/s/KyuseokShim,https://dblp.org/pid/s/KyuseokShim,https://dblp.org/pid/s/KyuseokShim.html,Kyuseok Shim,140,2026-09-19T19:07:35Z,2026-09-19,5670ffe7c6f5b94cb4263464a3411fef46918c787ef83166c393afeef3820d3a,../bigcows-crawler/.cache/dblp-gap-fill-2026-09-19-145403/safari/captures/f4fcebdba7989fc1688f3d9cab1cb32e14e23cfd88667ecaa9c7ee326ce20f8d-1789844855951502000.html
acm_fellows.csv,"Scott, Michael",https://dblp.org/pid/s/MichaelLScott,https://dblp.org/pid/s/MichaelLScott,https://dblp.org/pid/s/MichaelLScott.html,Michael L. Scott,163,2026-09-19T19:07:43Z,2026-09-19,0e1dcf36e9d22ee0438e92d6b2b536b7c33c9013dbb8e336aec7e17f2fc160ee,../bigcows-crawler/.cache/dblp-gap-fill-2026-09-19-145403/safari/captures/4c1ecf37e2b17773a8110a14adac6c258e5c471ff29c3bf2fb27d54335ea1fb3-1789844863396676000.html
acm_fellows.csv,"Seitz, Steve",https://dblp.org/pid/s/StevenMSeitz,https://dblp.org/pid/s/StevenMSeitz,https://dblp.org/pid/s/StevenMSeitz.html,Steven M. Seitz,204,2026-09-19T19:08:53Z,2026-09-19,08be1bc22b60b9fd86c534ea63895bf8f7e0228dacea2a08da9e3b056c067e49,../bigcows-crawler/.cache/dblp-gap-fill-2026-09-19-145403/safari/captures/bf65f95ba9f0677c463cae2d6af87212d677f28c8cbd1ca6f53ff63cc653f26d-1789844933326744000.html
acm_fellows.csv,"Sanders, William",https://dblp.org/pid/s/WilliamHSanders,https://dblp.org/pid/s/WilliamHSanders,https://dblp.org/pid/s/WilliamHSanders.html,William H. Sanders,254,2026-09-19T19:09:00Z,2026-09-19,346de158d6ead38f3b1e2dfd7336f3c59bccf62f823312b0b41bb435ce4f46b4,../bigcows-crawler/.cache/dblp-gap-fill-2026-09-19-145403/safari/captures/12d1c56b20805d4a9a60271c0baa8893cacc09a8c99e5d4772bf9bff66c5749d-1789844940874036000.html
acm_fellows.csv,"Turner, Jonathan",https://dblp.org/pid/t/JonathanSTurner,https://dblp.org/pid/t/JonathanSTurner,https://dblp.org/pid/t/JonathanSTurner.html,Jonathan S. Turner,117,2026-09-19T19:09:08Z,2026-09-19,da9eb1fc72178407c21fafacead11c795702b16624bafecb91ff086ec0c101b2,../bigcows-crawler/.cache/dblp-gap-fill-2026-09-19-145403/safari/captures/fe30030ad7c6e9791730e8ebd4dc263ede5150bf01560673e33bbe85b058c40f-1789844948149116000.html
acm_fellows.csv,"Williamson, David",https://dblp.org/pid/w/DavidPWilliamson,https://dblp.org/pid/w/DavidPWilliamson,https://dblp.org/pid/w/DavidPWilliamson.html,David P. Williamson,170,2026-09-19T19:09:15Z,2026-09-19,e2654c833cc92d9df54b763456a6af2b7574a0ecea38c110c9a5e497d1dbbdc1,../bigcows-crawler/.cache/dblp-gap-fill-2026-09-19-145403/safari/captures/287e89dad11f5ca6016a5f3e5e9591da2f44b455f62528193664ecbc8f9f9400-1789844955300111000.html
acm_fellows.csv,"Wong, Martin",https://dblp.org/pid/w/MartinDFWong,https://dblp.org/pid/w/MartinDFWong,https://dblp.org/pid/w/MartinDFWong.html,Martin D. F. Wong,489,2026-09-19T19:09:21Z,2026-09-19,16c8ca2a9c609733d3dc60e823ff44da9d72c0303c37f26a708c5877815ab22e,../bigcows-crawler/.cache/dblp-gap-fill-2026-09-19-145403/safari/captures/01a8527231f56d1d2672538303b65c23e1912ee81e98229d8b966ca4efb58346-1789844962119486000.html
acm_fellows.csv,"Wooldridge, Michael",https://dblp.org/pid/w/MichaelWooldridge,https://dblp.org/pid/w/MichaelWooldridge,https://dblp.org/pid/w/MichaelWooldridge.html,Michael J. Wooldridge,561,2026-09-19T19:09:28Z,2026-09-19,661997b8584e7f28a0ec37999e9fbad0ebe5cb4fa492a9f4e2951b8bb80e8d77,../bigcows-crawler/.cache/dblp-gap-fill-2026-09-19-145403/safari/captures/80db43b2f4325027ffb028c611b579fef74cfee2e15b9e7ef279738b0e5386ce-1789844969057604000.html
acm_fellows.csv,"Wang, Wei",https://dblp.org/pid/w/WeiWang,https://dblp.org/pid/w/WeiWang,https://dblp.org/pid/w/WeiWang.html,Wei Wang 0010,502,2026-09-19T19:09:37Z,2026-09-19,aee6035ad46a2c5a39366e2decfc4497cb6438118fecd069116bef201e10f973,../bigcows-crawler/.cache/dblp-gap-fill-2026-09-19-145403/safari/captures/5819428cab80df3cd4ec5ee2996c598a528aabfd57e2230f7a224796e482b7dc-1789844977647772000.html
acm_fellows.csv,"Zhao, Feng",https://dblp.org/pid/z/FengZhao,https://dblp.org/pid/z/FengZhao,https://dblp.org/pid/z/FengZhao.html,Feng Zhao 0001,150,2026-09-19T19:09:45Z,2026-09-19,aa70226eeedf67f6228acc7ac025e83cfad976aca8bcc05ebfe1391541c12dbb,../bigcows-crawler/.cache/dblp-gap-fill-2026-09-19-145403/safari/captures/5343b1bba9cb86af9826beb9db470cc136829f7cf751bfde7e817167e12dd5c7-1789844985523846000.html
acm_fellows.csv,"Zhang, Lixia",https://dblp.org/pid/z/LixiaZhang1,https://dblp.org/pid/z/LixiaZhang1,https://dblp.org/pid/z/LixiaZhang1.html,Lixia Zhang 0001,336,2026-09-19T19:09:52Z,2026-09-19,d060a4c5dfa234ca18f0df3ed00ad30e82af68844e50b1f3442ff41164f5ac0f,../bigcows-crawler/.cache/dblp-gap-fill-2026-09-19-145403/safari/captures/b554c95b03ee28ecd0461b67f072f9b5bd1eb603a7f2a01ba4f3ca44269c15d8-1789844993138044000.html
