name,requested_url,final_url,dblp_name,records,fetched_at,crawl_date,html_sha256,html_path
"Goodenough, John B",https://dblp.org/pid/181/2396-2,https://dblp.org/pid/181/2396-2.html,John B. Goodenough 0002,34,2026-09-19T20:34:39Z,2026-09-19,58d86bfcf1af1d014adef92088ac7225568fbd9949fd45a57b32c21d4df21d4e,../bigcows-crawler/.cache/dblp-replacement-gap-fill-2026-09-19-163416/safari/captures/7ef83491aeb192b5d6bf9730ed458400ef72fda21feae58f52480a654b94f56c-1789850079541942000.html
"Hillis, William Daniel",https://dblp.org/pid/19/28,https://dblp.org/pid/19/28.html,W. Daniel Hillis,15,2026-09-19T20:34:47Z,2026-09-19,a932296dc3b110de27804e7ddf80439934d9f512e5802c865753090b0ad0f3e6,../bigcows-crawler/.cache/dblp-replacement-gap-fill-2026-09-19-163416/safari/captures/06c3c1d01687bb5f493c9ec1d217c3173214da0eb914b401436926221a00df18-1789850087550419000.html
"Sameh, Ahmed",https://dblp.org/pid/46/2473,https://dblp.org/pid/46/2473.html,Ahmed H. Sameh,99,2026-09-19T20:34:54Z,2026-09-19,68d081e532775c31289f3561475d8c254b6616b7eb02814cbd6e83482e164ec4,../bigcows-crawler/.cache/dblp-replacement-gap-fill-2026-09-19-163416/safari/captures/44ab7549d18f3a1959cb18d038d1e057cb1cd0397146c9782f3dac6f707e06ec-1789850094660657000.html
"MacQueen, David",https://dblp.org/pid/84/3383,https://dblp.org/pid/84/3383.html,David B. MacQueen,24,2026-09-19T20:35:00Z,2026-09-19,b04ff8e393c15bacd1e50d1522fdf4df9a08448a05092b4fad39f2dfed93d794,../bigcows-crawler/.cache/dblp-replacement-gap-fill-2026-09-19-163416/safari/captures/8cf576eee2d13bb906705a7a1d08087455e574305f954d27ee80e566b63aac54-1789850101028156000.html
"Kim, Won",https://dblp.org/pid/86/2627-1,https://dblp.org/pid/86/2627-1.html,Won Kim 0001,218,2026-09-19T20:35:07Z,2026-09-19,4f500034208b424848e0bd0a69c78a4409079c25be4507da5b69f8bb619eae4d,../bigcows-crawler/.cache/dblp-replacement-gap-fill-2026-09-19-163416/safari/captures/51bc49f66bd79ae1c2e57d083bd073a87076a202132de0cc486363b1e70dcec3-1789850108004768000.html
"Constable, Robert",https://dblp.org/pid/c/RobertLConstable,https://dblp.org/pid/c/RobertLConstable.html,Robert L. Constable,92,2026-09-19T20:35:24Z,2026-09-19,eba826d938d1706f7e2424ba9e730450e03a7bcc4b752d96e85bb4555eeca207,../bigcows-crawler/.cache/dblp-replacement-gap-fill-2026-09-19-163416/safari/captures/a7d0f055139cc766505ff6ff9ff20cf2be12ae5a078df92c259f3a198b59dfcd-1789850124468771000.html
"Cook, Rob",https://dblp.org/pid/c/RobertLCook,https://dblp.org/pid/c/RobertLCook.html,Robert L. Cook 0001,14,2026-09-19T20:35:31Z,2026-09-19,3ffc5183f6903c031064376c44c220da9c1e7ca9cabd186edd86df6a22279a10,../bigcows-crawler/.cache/dblp-replacement-gap-fill-2026-09-19-163416/safari/captures/896e6e01a51f5a7160a9c9e91aec48673b331e261428deab68a71b9e7d26f7e2-1789850131481219000.html
"Gabriel, Richard P.",https://dblp.org/pid/g/RichardPGabriel,https://dblp.org/pid/g/RichardPGabriel.html,Richard P. Gabriel,82,2026-09-19T20:35:38Z,2026-09-19,9fc589259f442ee7864993c33439ff39ae68d851408290e289e1fe4473fcd283,../bigcows-crawler/.cache/dblp-replacement-gap-fill-2026-09-19-163416/safari/captures/dd06089dbfc15376a4ae8c357871e6450591b14342529dd2325687302eaee93e-1789850138716195000.html
"Johnson, David S",https://dblp.org/pid/j/DavidSJohnson,https://dblp.org/pid/j/DavidSJohnson.html,David S. Johnson 0001,160,2026-09-19T20:35:46Z,2026-09-19,6891e0714c1dd4686d47090d8e8e3149b529e1110bfaf58f0c3e74e97e867fa4,../bigcows-crawler/.cache/dblp-replacement-gap-fill-2026-09-19-163416/safari/captures/f144b79074f6b58189130dc0ad54f6ce563d0b467cfa2232d69f6c368579e6ec-1789850146368480000.html
"Lindsay, Bruce",https://dblp.org/pid/l/BruceGLindsay1,https://dblp.org/pid/l/BruceGLindsay1.html,Bruce G. Lindsay 0001,67,2026-09-19T20:35:53Z,2026-09-19,833f41d8dacd9df94c51c34a6848f354d8ffcab2076b3bb911726b5d549b519e,../bigcows-crawler/.cache/dblp-replacement-gap-fill-2026-09-19-163416/safari/captures/517cda598d3b6b92a9301163b888ac969d2e0357253b4c161c6b319e4b9e148a-1789850154019693000.html
"Liu, C.L.",https://dblp.org/pid/l/CLLiu,https://dblp.org/pid/l/CLLiu.html,C. L. Liu 0001,141,2026-09-19T20:36:00Z,2026-09-19,4d969ffd0fd3c69cb261c30be85e7cc01c7e9352cebe2c35743b3d5d96e0f022,../bigcows-crawler/.cache/dblp-replacement-gap-fill-2026-09-19-163416/safari/captures/c50ef1118e70fe756597dcbb044700f73ec08a5dc087693eb2083e4babfa3a04-1789850160930590000.html
"Li, Kai",https://dblp.org/pid/l/KaiLi1,https://dblp.org/pid/l/KaiLi1.html,Kai Li 0001,181,2026-09-19T20:36:08Z,2026-09-19,d85119eae156510e3bc480d8d752c0b1260a01f2e12beb2a7855297d4b9f929c,../bigcows-crawler/.cache/dblp-replacement-gap-fill-2026-09-19-163416/safari/captures/91654171f773ef0889b7e9c8df0713ce6ad6517b7b251097a6486be5f5375957-1789850168398377000.html
"Miller, Raymond",https://dblp.org/pid/m/RaymondEMiller,https://dblp.org/pid/m/RaymondEMiller.html,Raymond E. Miller,80,2026-09-19T20:36:14Z,2026-09-19,628aa05da6dbdafdd3c4686b6b1a85bfe4ed27ff45068f7c2d0c02e34a28562a,../bigcows-crawler/.cache/dblp-replacement-gap-fill-2026-09-19-163416/safari/captures/61ddefb6aa0c522d93222de718fa8d9b79e3dc28de57b08917e1de4497b228b2-1789850174965930000.html
"Nievergelt, J",https://dblp.org/pid/n/JurgNievergelt,https://dblp.org/pid/n/JurgNievergelt.html,Jürg Nievergelt,110,2026-09-19T20:36:21Z,2026-09-19,00abe48816021dc2592f3c21bf911301727870bff0d14069809b20cbfc461ec9,../bigcows-crawler/.cache/dblp-replacement-gap-fill-2026-09-19-163416/safari/captures/eed9157c2fd44ee66bcde3d9e84ca9300320f16051529f6896ae3670c715d2ce-1789850181420284000.html
"Pradhan, Dhiraj",https://dblp.org/pid/p/DhirajKPradhan,https://dblp.org/pid/p/DhirajKPradhan.html,Dhiraj K. Pradhan,275,2026-09-19T20:36:28Z,2026-09-19,1d65648705e59ff99b7d7ecdf56b61e3f9844d0bd8f72caf130e0385208dc378,../bigcows-crawler/.cache/dblp-replacement-gap-fill-2026-09-19-163416/safari/captures/d8a4bd0c4b1d3312de7c9ad3052f4d59cbe6fa2c8312358d39708e5d7b32d0fe-1789850188416747000.html
"Rice, John",https://dblp.org/pid/r/JohnRRice,https://dblp.org/pid/r/JohnRRice.html,John R. Rice,91,2026-09-19T20:36:36Z,2026-09-19,01e143dc8e35644b8659b6f0b8f565176978a3174d638f07db8f868f475c30cd,../bigcows-crawler/.cache/dblp-replacement-gap-fill-2026-09-19-163416/safari/captures/1b0244a7252d99619a75c3176e46717cdd141ab1f62b961dd624dc078a74eac6-1789850196832279000.html
"Tucker, Allen",https://dblp.org/pid/t/AllenBTucker,https://dblp.org/pid/t/AllenBTucker.html,Allen B. Tucker,50,2026-09-19T20:36:43Z,2026-09-19,d08066cfa0da9e138f534003fa5dab27570d35b6d5fb3c52cbd4746b88b950ad,../bigcows-crawler/.cache/dblp-replacement-gap-fill-2026-09-19-163416/safari/captures/8315e58057c0c0b1c38be4c16408498e8888522b1e327334700b8842dd47ee2b-1789850203537549000.html
