batch,decision_time,roster,roster_row,name,service,association,prior_quality,approved_quality,user_decision,action,capture_time,capture_sha256,rationale
1,2026-09-29T19:08:35.460209-04:00,acm_fellows.csv,254,"Balakrishnan, Meenakshi",dblp,https://dblp.org/pid/24/4827,N,Y,approve all five,"Applied quality N to Y; URL, capture dates and statistics preserved.",2026-09-19T18:56:28Z,b50b6933fa678ba53a5f5df0606eeac999786a225df92a96554234683e9da82c,"8/128 apparent graph-labeling, rice-yield, medical-watermark and recent 6G namesake entries (~6%); extensive IIT Delhi embedded, assistive, FPGA and ASIP work directly matches ACM. Propose N to Y."
1,2026-09-29T19:08:35.460209-04:00,acm_fellows.csv,457,"Pop, Mihai",dblp,https://dblp.org/pid/p/MihaiPop,N,Y,approve all five,"Applied quality N to Y; URL, capture dates and statistics preserved.",2026-09-19T19:06:18Z,877b62d659a52a61f0efd815927b514e60a18a5bb623be3af5533e022da80957,"7/72 apparent crypto-energy, bike-sharing, urban-lighting, VR and tourist-transport entries (~10%). Substantial metagenomics/assembly core; earlier graphics/mesh work can be legitimate early career. Propose N to Y."
1,2026-09-29T19:08:35.460209-04:00,acm_fellows.csv,632,"Sengupta, Sudipta",scholar,https://scholar.google.com/citations?user=h8M0U0oAAAAJ,N,Y,approve all five,"Applied quality N to Y; URL, capture dates and statistics preserved.",2026-09-27T21:44:19Z,4b76bd00f7507d5a52fc9decfe1f3c82a55c703360a9de8461c7ded59e1702d1,"4–7/100 apparent unrelated entries after examining all 100; core networking and Microsoft systems career strongly represented. Much less than 20%; propose revising explicit N to Y, subject to user approval."
1,2026-09-29T19:08:35.460209-04:00,acm_fellows.csv,658,"Lin, Chih-Jen",dblp,https://dblp.org/pid/61/1218,N,Y,approve all five,"Applied quality N to Y; URL, capture dates and statistics preserved.",2026-09-17T20:38:36Z,0c3dcb156b6f3bf68bcf4bdbd91923d114e386c3b9576b5392adaeaaa0fad872,7/151 chip-test/BIST entries (~5%) versus extensive NTU LIBSVM/LIBLINEAR/optimization work. Medical classification and imaging methods alone are legitimate applications. Propose N to Y.
1,2026-09-29T19:08:35.460209-04:00,acm_fellows.csv,737,"De Lucena, Carlos J P",scholar,https://scholar.google.com/citations?user=BCW5XGIAAAAJ,N,Y,approve all five,"Applied quality N to Y; URL, capture dates and statistics preserved.",2026-09-27T23:15:19Z,ad4a973dc49c2647f9accc05c6e0e11e1f184313b1c3120ad3a44c0b5b498a85,12–14/100 botany/ethnobotany namesake entries or uncertain other-author software records. Medical AI with Cowan/Fernandes is a legitimate collaboration. Substantial software-engineering core; propose revising N to Y under rough tolerance.
2,2026-09-29T19:14:03.840337-04:00,acm_fellows.csv,650,"Franz, Michael",dblp,https://dblp.org/pid/f/MichaelFranz,N,Y,"1-7: approve; 8, 9, 10: link these, but quality N","Applied quality N to Y; URL, capture dates and statistics preserved.",2026-09-17T20:41:47Z,7292f5420801adc767fe25dccc452380a758b1071f7dcb8836009f2c914bd683,"8–11/174 apparent pathology, musculoskeletal, political communication and laboratory/database namesake entries (~5–6%). UCI compiler/JIT/software-diversity core extensive. Propose N to Y."
2,2026-09-29T19:14:03.840337-04:00,acm_fellows.csv,686,"Bundy, Alan",dblp,https://dblp.org/pid/b/AlanBundy,N,Y,"1-7: approve; 8, 9, 10: link these, but quality N","Applied quality N to Y; URL, capture dates and statistics preserved.",2026-09-17T20:46:14Z,704a0751ad6f5957e1e7fc96d160e15bae0e6bf4dfb8d685f8263bfe77b1cf9d,"6/229 Australian library-management namesake entries (~3%); Edinburgh proof planning, rippling and automated reasoning dominate across career. Propose N to Y."
2,2026-09-29T19:14:03.840337-04:00,acm_fellows.csv,723,"Srinivasan, Aravind",dblp,https://dblp.org/pid/s/AravindSrinivasan,N,Y,"1-7: approve; 8, 9, 10: link these, but quality N","Applied quality N to Y; URL, capture dates and statistics preserved.",2026-09-17T20:46:37Z,a1ac9c253d6ca7a803e1503b0919e729d6f11ff4bc352715eb7c638d0e1759a5,2 clear-looking cardiac-sensing/optical-transmitter entries and seven uncertain clinic-scheduling/design-optimization/manufacturing records among 314 (<3% even if all counted). Maryland randomized algorithms/rounding substantial; epidemiology and vaccine allocation are coherent collaborations. Propose N to Y.
2,2026-09-29T19:14:03.840337-04:00,acm_fellows.csv,730,"Anderson, James H",dblp,https://dblp.org/pid/a/JamesHAnderson,N,Y,"1-7: approve; 8, 9, 10: link these, but quality N","Applied quality N to Y; URL, capture dates and statistics preserved.",2026-09-17T20:56:45Z,d6e06994f6474b6bdc6e9ca79c031fe9d2aee9f869b81b8111848eea5a05a4e2,20/305 apparent surgical/radiology/physiology/1967 boiler namesake entries (~7%); extensive UNC real-time scheduling and synchronization core. Propose N to Y.
2,2026-09-29T19:14:03.840337-04:00,acm_fellows.csv,878,"Alvisi, Lorenzo",dblp,https://dblp.org/pid/a/LAlvisi,N,Y,"1-7: approve; 8, 9, 10: link these, but quality N","Applied quality N to Y; URL, capture dates and statistics preserved.",2026-09-17T21:26:50Z,5850b752bfaf46b91c302edcdcadfde74796c5f7ea9d76ca91d9c6c21b4d2575,"10–11/144 apparent Italian Telegram/disinformation entries, with oldest hidden-line work uncertain (~7–8%). Extensive distributed-systems, replication and BFT core supports Y; propose N to Y."
2,2026-09-29T19:14:03.840337-04:00,acm_fellows.csv,927,"Dean, Jeffrey A",dblp,https://dblp.org/pid/d/JeffreyDean,N,Y,"1-7: approve; 8, 9, 10: link these, but quality N","Applied quality N to Y; URL, capture dates and statistics preserved.",2026-09-17T21:34:12Z,ac4989ad1eeea898a9d87e709ca1562bce522aa3a64c717b0d4a07acf1c6154d,10 apparent Linux-book/insect-locomotion entries plus three attribution-uncertain marketplace/clinical entries among 127 (~8–10%). Google/MapReduce/Bigtable/TensorFlow and legitimate medical ML work strongly establish identity and coverage; propose N to Y.
2,2026-09-29T19:14:03.840337-04:00,acm_fellows.csv,1008,"Agarwal, Anant",dblp,https://dblp.org/pid/a/AAgarwal,N,Y,"1-7: approve; 8, 9, 10: link these, but quality N","Applied quality N to Y; URL, capture dates and statistics preserved.",2026-09-17T21:47:03Z,553875bd33ffaf6ab98ce9ef214ebb0d9b4063622cc4fb7c78fef4da92d5766f,11 apparent traffic/clinical/SiC power-device entries plus three uncertain residential/SAP/sign-language records among 123 (~9–11%). MIT Alewife/Raw/edX core substantial; software heartbeats/control work is coherent. Propose N to Y.
2,2026-09-29T19:14:03.840337-04:00,acm_fellows.csv,1303,"MacQueen, David",dblp,https://dblp.org/pid/84/3383,N,N,"1-7: approve; 8, 9, 10: link these, but quality N",Confirmed existing link with quality N; no canonical edit required; same decision across both rosters where present.,2026-09-19T20:35:00Z,b04ff8e393c15bacd1e50d1522fdf4df9a08448a05092b4fad39f2dfed93d794,"24 retained entries include Modules for Standard ML, SML/NJ, HOPE, recursive polymorphic types and higher-order functors. This is a meaningful core bibliography despite missing later work; count alone does not justify N. Propose Y, preserve explicit N until user decides."
2,2026-09-29T19:14:03.840337-04:00,acm_fellows.csv,1460,"Catmull, Edwin",dblp,https://dblp.org/pid/c/EdwinECatmull,N,N,"1-7: approve; 8, 9, 10: link these, but quality N",Confirmed existing link with quality N; no canonical edit required; same decision across both rosters where present.,2026-09-17T23:21:13Z,faccb801f5a1443c52e3b65e9bcf17bbd8406adc689a5b41bb136b52600e68c6,"12 retained entries include Reyes, RenderMan, hidden-surface anti-aliasing, scanline transformations and computer-generated movies. These represent a meaningful part of the recognized graphics contribution, comparable to accepted Cook/Carpenter profiles; missing subdivision work alone does not negate this core. Propose contextual Y; Scholar coverage remains independently N."
2,2026-09-29T19:14:03.840337-04:00,acm_fellows.csv,1556,"Hamming, Richard W",dblp,https://dblp.org/pid/h/RWHamming,N,N,"1-7: approve; 8, 9, 10: link these, but quality N",Confirmed existing link with quality N; no canonical edit required; same decision across both rosters where present.,2026-09-17T23:45:01Z,8ded0c9743446941ad18ce1bbe4bec42761dfdd0e3039ce9d13384b31bb2ef07,"16 retained entries include Coding and Information Theory, error-correction symposium, redundancy checking and stable predictor-corrector methods. Missing the original 1950 coding paper does not eliminate meaningful core coverage. Propose contextual Y, preserving explicit N."
2,2026-09-29T19:14:03.840337-04:00,turing_award_winners.csv,10,"Catmull, Edwin",dblp,https://dblp.org/pid/c/EdwinECatmull,N,N,"1-7: approve; 8, 9, 10: link these, but quality N",Confirmed existing link with quality N; no canonical edit required; same decision across both rosters where present.,2026-09-17T23:21:13Z,faccb801f5a1443c52e3b65e9bcf17bbd8406adc689a5b41bb136b52600e68c6,"12 retained entries include Reyes, RenderMan, hidden-surface anti-aliasing, scanline transformations and computer-generated movies. These represent a meaningful part of the recognized graphics contribution, comparable to accepted Cook/Carpenter profiles; missing subdivision work alone does not negate this core. Propose contextual Y; Scholar coverage remains independently N."
2,2026-09-29T19:14:03.840337-04:00,turing_award_winners.csv,79,"Hamming, Richard W",dblp,https://dblp.org/pid/h/RWHamming,N,N,"1-7: approve; 8, 9, 10: link these, but quality N",Confirmed existing link with quality N; no canonical edit required; same decision across both rosters where present.,2026-09-17T23:45:01Z,8ded0c9743446941ad18ce1bbe4bec42761dfdd0e3039ce9d13384b31bb2ef07,"16 retained entries include Coding and Information Theory, error-correction symposium, redundancy checking and stable predictor-corrector methods. Missing the original 1950 coding paper does not eliminate meaningful core coverage. Propose contextual Y, preserving explicit N."
3 (items 1–2),2026-09-29T19:28:10.142579-04:00,acm_fellows.csv,1610,"Smith, Burton",dblp,https://dblp.org/pid/64/4805,N,N,Keep items 1 and 2 as N: prominent scholars; too few entries.,Confirmed existing linked N; no canonical edit required.,2026-09-17T23:29:42Z,908b0cfedc4c2c3cc7cd5f700fb698371512795092dfcc002721f131db4a8863,"User judges 11 entries for Burton Smith and 12 for Charles Thacker insufficient for their prominent careers, despite recognizable landmark work. Coverage is inadequate; identity/link retention is separate."
3 (items 1–2),2026-09-29T19:28:10.142579-04:00,acm_fellows.csv,1624,"Thacker, Charles P",dblp,https://dblp.org/pid/58/4470,N,N,Keep items 1 and 2 as N: prominent scholars; too few entries.,Confirmed existing linked N; no canonical edit required.,2026-09-17T23:30:36Z,3da167f8e3ddb080854a6f186bd10d5b0f2f4ba4509f7178e39dd660f316dc15,"User judges 11 entries for Burton Smith and 12 for Charles Thacker insufficient for their prominent careers, despite recognizable landmark work. Coverage is inadequate; identity/link retention is separate."
3 (items 1–2),2026-09-29T19:28:10.142579-04:00,turing_award_winners.csv,26,"Thacker, Charles P",dblp,https://dblp.org/pid/58/4470,N,N,Keep items 1 and 2 as N: prominent scholars; too few entries.,Confirmed existing linked N; no canonical edit required.,2026-09-17T23:30:36Z,3da167f8e3ddb080854a6f186bd10d5b0f2f4ba4509f7178e39dd660f316dc15,"User judges 11 entries for Burton Smith and 12 for Charles Thacker insufficient for their prominent careers, despite recognizable landmark work. Coverage is inadequate; identity/link retention is separate."
3 (items 3–10),2026-09-29T19:33:16.314333-04:00,acm_fellows.csv,9,"Cao, Pei",dblp,https://dblp.org/pid/87/3674,N,N,these should all be N (batch three items 3–10),Confirmed existing linked N; no canonical edit required.,2026-09-17T17:57:24Z,cffe87c09076cf017d30064152ca07e97eef50d5677aa522ecee6aac814f4ced,"User explicitly selected linked N after reviewing the retained coverage/contamination assessment and ACM comparison links. Original audit rationale: At least 16/65 apparent unrelated genomic, protein, power-equipment, finite-element and mechanical-fault entries (~25%). Later language/retrieval work may be a legitimate career direction; attribution remains uncertain near threshold. Cache/P2P core secure; preserve N for user."
3 (items 3–10),2026-09-29T19:33:16.314333-04:00,acm_fellows.csv,75,"Banerjee, Arindam",scholar,https://scholar.google.com/citations?user=RY7cuPAAAAAJ,N,N,these should all be N (batch three items 3–10),Confirmed existing linked N; no canonical edit required.,2026-09-24T11:57:44Z,c549965029b9ab63fe2a7754e8dc91c5bfaad7792894c242e778d97bf7a7eadd,User explicitly selected linked N after reviewing the retained coverage/contamination assessment and ACM comparison links. Original audit rationale: 23–25/100 apparent unrelated engineering/clinical/physics entries; plant-trait ecology with Reich/Fazayeli is a legitimate ML collaboration. Near rough threshold; preserve N.
3 (items 3–10),2026-09-29T19:33:16.314333-04:00,acm_fellows.csv,146,"Dubey, Pradeep",dblp,https://dblp.org/pid/47/4438,N,N,these should all be N (batch three items 3–10),Confirmed existing linked N; no canonical edit required.,2026-09-17T18:18:48Z,6115ee387c5e97cbb8cc783f25467864003b368b432169a1aba7b6a7b87fad20,User explicitly selected linked N after reviewing the retained coverage/contamination assessment and ACM comparison links. Original audit rationale: 22/129 apparent economist/game-theorist Pradeep Dubey entries (~17%); Intel architecture/HPC/ML core substantial. Scientific HPC applications are legitimate. Near threshold; preserve N and ask user.
3 (items 3–10),2026-09-29T19:33:16.314333-04:00,acm_fellows.csv,254,"Balakrishnan, Meenakshi",scholar,https://scholar.google.com/citations?user=e_749FUAAAAJ,Y,N,these should all be N (batch three items 3–10),"Applied quality Y to N; retained URL, capture dates and statistics.",2026-09-27T15:36:02Z,1c6c45945865354c5116644e8692683a814dab5fccedd12235ea5c796c0ece20,"User explicitly selected linked N after reviewing the retained coverage/contamination assessment and ACM comparison links. Original audit rationale: 17 apparent distributed-systems Mahesh Balakrishnan, entomology and clinical entries; three healthcare/robotics/wireless entries uncertain. FPGA genomics and Braille work are legitimate. 17–20/100 near threshold; preserve Y for user."
3 (items 3–10),2026-09-29T19:33:16.314333-04:00,acm_fellows.csv,283,"Li, Feifei",scholar,https://scholar.google.com/citations?user=qPDhlWkAAAAJ,N,N,these should all be N (batch three items 3–10),Confirmed existing linked N; no canonical edit required.,2026-09-27T15:44:40Z,d2953dbe91e82a008f4810c80809f13cc7447399e15194f8b05e689e3758cb76,"User explicitly selected linked N after reviewing the retained coverage/contamination assessment and ACM comparison links. Original audit rationale: 24 apparent Stanford vision/agent and atmospheric-physics namesake entries; infrared95 and editedbook96 uncertain. Nguyen public-health/geotag collaborations not counted merely for medical topic; database/security core independently supported. Original38 flag count was a lower-bound list, not a freshly measured total; this new attribution assessment needs user judgment."
3 (items 3–10),2026-09-29T19:33:16.314333-04:00,acm_fellows.csv,472,"Xie, Yuan",scholar,https://scholar.google.com/citations?user=dK2ZuDcAAAAJ,Y,N,these should all be N (batch three items 3–10),"Applied quality Y to N; retained URL, capture dates and statistics.",2026-09-27T19:50:51Z,26c2a28cc4a38683bb2364ee55d530b97c5a6546d36fcd0d9f44250291d4a735,"User explicitly selected linked N after reviewing the retained coverage/contamination assessment and ACM comparison links. Original audit rationale: 19 apparent vision, finance and liver-disease namesake entries plus P3 graph-learning entry credited solely to Gandhi/Iyer. Architecture/neuromorphic/quantum work is legitimate. 19–20/100 near threshold; preserve Y."
3 (items 3–10),2026-09-29T19:33:16.314333-04:00,acm_fellows.csv,551,"Kass, Michael",dblp,https://dblp.org/pid/46/6511,N,N,these should all be N (batch three items 3–10),Confirmed existing linked N; no canonical edit required.,2026-09-17T20:25:22Z,c74324a23dbe1fb7a53a6a98b9519f1d4f4b9d3d58c814751e9fcf1911e68a87,"User explicitly selected linked N after reviewing the retained coverage/contamination assessment and ACM comparison links. Original audit rationale: 6–7/35 apparent neutron, glaucoma, flight-computer, software-assurance, philosophy and possibly VR namesake entries (~17–20%). Snakes/spacetime/graphics core strong; preserve N for user."
3 (items 3–10),2026-09-29T19:33:16.314333-04:00,turing_award_winners.csv,77,"Wilkinson, J. H.",dblp,https://dblp.org/pid/15/4740.html,N,N,these should all be N (batch three items 3–10),Confirmed existing linked N; no canonical edit required.,2026-09-19T18:55:49Z,6cb134574ee62f7831a11acc9530daf22a7552e64c1dc67a7756445acc81657a,"User explicitly selected linked N after reviewing the retained coverage/contamination assessment and ACM comparison links. Original audit rationale: 25 retained entries include Rounding errors in algebraic processes, QR convergence, matrix-inversion error analysis and eigensystems. This is meaningful core numerical-analysis coverage despite absent work; propose contextual Y, preserving user N."
4,2026-09-29T19:53:54.952011-04:00,acm_fellows.csv,68,"Yang, Junfeng",dblp,https://dblp.org/pid/71/3724,N,N,keep all the same (batch four),Confirmed existing linked N; no canonical edit required.,2026-09-17T17:51:26Z,e80bbf2db2a71264a7dceefc566956cc54ab2bc630555428fa2d929dcdddb537,"User reconfirmed the current link and quality after the retained-evidence review. Original audit rationale: At least 78/282 apparent convex-optimization, classroom pedagogy, atmospheric/engineering/clinical namesake entries (~28%), with further vision attributions uncertain. Columbia systems, security and ML testing core secure. Material recurring contamination supports retaining N; fraction is a conservative title/context judgment, not confirmed authorship for every entry."
4,2026-09-29T19:53:54.952011-04:00,acm_fellows.csv,710,"Morris, Robert",scholar,https://scholar.google.com/citations?user=in6eBIwAAAAJ,N,N,keep all the same (batch four),Confirmed existing linked N; no canonical edit required.,2026-09-27T23:07:13Z,85737723ed8f2e755605b4d3054648be5c186d20063f4d388069561a15914668,"User reconfirmed the current link and quality after the retained-evidence review. Original audit rationale: 33 apparent namesake/other-author entries across oncology, biology, combinatorics, management, IBM smart cities and older father Robert Morris security/spelling work; MIT network/systems core still identifies intended recipient. Much more than20 in retained first100."
4,2026-09-29T19:53:54.952011-04:00,acm_fellows.csv,788,"Gao, Lixin",scholar,https://scholar.google.com/citations?user=bOKmjf8AAAAJ,N,N,keep all the same (batch four),Confirmed existing linked N; no canonical edit required.,2026-09-28T00:04:43Z,4768be0cb735befddf5733f208de39159c3aa867bb4127a66f2d21362a420184,"User reconfirmed the current link and quality after the retained-evidence review. Original audit rationale: 40 apparent unrelated chemistry/materials/clinical/gearbox entries, plus4 control-theory entries needing attribution. Much more than20 regardless of control-theory ambiguity; Internet-routing core and UMass identity remain supported."
4,2026-09-29T19:53:54.952011-04:00,acm_fellows.csv,868,"Singhal, Amit",dblp,https://dblp.org/pid/s/AmitSinghal,N,N,keep all the same (batch four),Confirmed existing linked N; no canonical edit required.,2026-09-17T21:12:16Z,dffe4f8fd67b336b1780a1a2cefb926f53a772bcf01ed186fe8797fbc414111d,User reconfirmed the current link and quality after the retained-evidence review. Original audit rationale: 22/54 apparent photographic/computer-vision/network-switching namesake entries (~41%) versus Cornell/AT&T/Google information retrieval core. Substantial contamination supports retaining N.
4,2026-09-29T19:53:54.952011-04:00,acm_fellows.csv,921,"Bhatkar, Vijay P",dblp,https://dblp.org/pid/18/4677,N,N,keep all the same (batch four),Confirmed existing linked N; no canonical edit required.,2026-09-17T21:38:43Z,44378cb3d6e3b733bf5e12d251e0bde00eda1aa6ac5b52f0fc8c3913b19592b9,"User reconfirmed the current link and quality after the retained-evidence review. Original audit rationale: Five records do include PARAM architecture, parallelization and C-DAC, strong positive identity evidence. The issue is whether this limited set adequately covers the recognized supercomputing career; reconsider a contextual exception, not an automatic rejection for count."
4,2026-09-29T19:53:54.952011-04:00,acm_fellows.csv,962,"Wilks, Yorick",scholar,https://scholar.google.com/citations?user=NsHFYDcAAAAJ,Y,Y,keep all the same (batch four),Confirmed existing linked Y; no canonical edit required.,2026-09-28T11:38:02Z,f56eb3b02325b8ee61e4579b09cfdfc90c411e868695b8c8e9ab5679b9f83f98,"User reconfirmed the current link and quality after the retained-evidence review. Original audit rationale: 22 previously flagged entries are mostly books/edited volumes credited to other authors; fresh inspection finds additional single-author thesis/generic NLP credits. They are not 22 proven namesake publications: editorial/chapter aggregation can explain some. Attribution uncertainty could cross the rough threshold; preserve explicit Y and ask whether to retain despite aggregation, or inspect contribution-level attribution separately."
4,2026-09-29T19:53:54.952011-04:00,acm_fellows.csv,984,"Levin, Roy",dblp,https://dblp.org/pid/83/749,N,N,keep all the same (batch four),Confirmed existing linked N; no canonical edit required.,2026-09-17T21:44:45Z,c591cc7535b69ccac658ab4c5ce86e84c6bb71cc30a4cb9da44822cfdc28eb99,User reconfirmed the current link and quality after the retained-evidence review. Original audit rationale: 16/32 entries (2–17) concern IBM Israel social/route work rather than DEC/Vesta/Hydra researcher Roy Levin; intended systems core also present. Roughly half the retained bibliography appears mixed; retain N and reflag.
4,2026-09-29T19:53:54.952011-04:00,acm_fellows.csv,1015,"Cohen, Michael F.",scholar,https://scholar.google.com/citations?user=YAtwLpwAAAAJ,N,N,keep all the same (batch four),Confirmed existing linked N; no canonical edit required.,2026-09-28T13:03:29Z,feb92a6436246f2f1b9f1822af71b5a9e3ac8769fe9f7da3e6e4e479d486aabd,"User reconfirmed the current link and quality after the retained-evidence review. Original audit rationale: 23 clear-looking nonrecipient clinical/astronomy/management/education entries, two adjacent HCI/audio entries may be other Michael Cohen. Gemini consortium1 not counted absent fullbyline. Near rough20 with uncertainty; preserveN for user."
4,2026-09-29T19:53:54.952011-04:00,acm_fellows.csv,1070,"Moore, J Strother",scholar,https://scholar.google.com/citations?user=91fyr68AAAAJ,Y,Y,keep all the same (batch four),Confirmed existing linked Y; no canonical edit required.,2026-09-28T13:17:00Z,bd3440dbc3e2b97a436911394448f34cac554191cb0e8c80d875d1b2f7a3653d,"User reconfirmed the current link and quality after the retained-evidence review. Original audit rationale: 19/100 apparent medical, atmospheric, poultry, educational and neuroscience-book namesake entries; Boyer-Moore/ACL2 core strongly supports identity and substantial coverage. Near threshold; preserve Y."
4,2026-09-29T19:53:54.952011-04:00,acm_fellows.csv,1157,"Jain, Ramesh C",scholar,https://scholar.google.com/citations?user=wOYUPpwAAAAJ,N,N,keep all the same (batch four),Confirmed existing linked N; no canonical edit required.,2026-09-28T14:29:25Z,9c51a0c4e2d4e431ca510718bcacd43e559c29278d4c4ffdd76880c47baca10c,"User reconfirmed the current link and quality after the retained-evidence review. Original audit rationale: 24 apparent unrelated materials, clinical or other-author entries; wearable personal-health work is consistent with recipient. Near threshold; preserve N."
5,2026-09-29T19:56:58.718875-04:00,acm_fellows.csv,1199,"Asano, Tetsuo",scholar,https://scholar.google.com/citations?user=Oad1ijkAAAAJ,N,N,"(2) should be N, all others remain N (batch five)",Confirmed existing linked N; no canonical edit required.,2026-09-28T15:03:28Z,e3e2fd205db45a99ec3e02f331dffc4a6d22d5673a776fa1861ac7edc9edc493,"User selected linked N for all ten cases. The held Gopal Krishna Gupta link remains N, not cleared. Original audit rationale: 26 apparent unrelated gut/cardiac/chemistry/ceramics/astronomy/energy/wave entries; generic IEICE53 uncertain. More than earlier20 list; judged sufficiently close/uncertain for user under rough threshold, not an invented hard band. Geometry core secure."
5,2026-09-29T19:56:58.718875-04:00,acm_fellows.csv,1220,"Kang , Sung Mo",dblp,https://dblp.org/pid/57/2381-1.html,Y,N,"(2) should be N, all others remain N (batch five)","Applied quality Y to N; retained URL, capture dates and statistics.",2026-09-19T18:57:49Z,fa4dad2de6afa5cbd197e420d17ca6d889fc21fdc92a8558164b7bb5ef8047d3,"User selected linked N for all ten cases. The held Gopal Krishna Gupta link remains N, not cleared. Original audit rationale: Twenty-nine retained records span 2011–2026 memristor/neuromorphic/CMOS work and represent a coherent later career; Scholar contains substantial earlier CMOS/VLSI work recognized in 2001. This is a coverage question, not proof of a wrong person or automatic N. Preserve Y; ask whether later-career subset is sufficient."
5,2026-09-29T19:56:58.718875-04:00,acm_fellows.csv,1278,"Morris, James H",scholar,https://scholar.google.com/citations?user=9Y2cn3EAAAAJ,N,N,"(2) should be N, all others remain N (batch five)",Confirmed existing linked N; no canonical edit required.,2026-09-28T15:19:11Z,244002e07758a4a7e9ba78a267084dbb53c1a9ab7637d3aacc37cc3791688858,"User selected linked N for all ten cases. The held Gopal Krishna Gupta link remains N, not cleared. Original audit rationale: 54 apparent unrelated animal-nutrition, clinical, alcohol research, archaeology/architecture, opera and other namesake entries;5 additional social/robotics/flight entries uncertain. Well above20; recipient KMP/Mesa/Andrew/HCI core secure."
5,2026-09-29T19:56:58.718875-04:00,acm_fellows.csv,1314,"Tan, Chung Jen",dblp,https://dblp.org/pid/54/1393,N,N,"(2) should be N, all others remain N (batch five)",Confirmed existing linked N; no canonical edit required.,2026-09-17T22:51:04Z,f6641ea29afcc575a0f0073821e4582e54f38e9e47608a7edb4aa758e01f18e9,"User selected linked N for all ten cases. The held Gopal Krishna Gupta link remains N, not cleared. Original audit rationale: Fourteen records include asynchronous sequential circuits and high-speed clocking but a large chronological gap and later e-commerce works. Core identity has support; substantial coverage and attribution across periods remain a contextual judgment."
5,2026-09-29T19:56:58.718875-04:00,acm_fellows.csv,1331,"Gupta, Gopal Krishna",dblp,https://dblp.org/pid/g/GopalGupta,N,N,"(2) should be N, all others remain N (batch five)",Confirmed existing linked N; no canonical edit required.,2026-09-17T22:58:29Z,dd61cf809d03b2cffee896ca4bd5174378b4a1408e35a15617493949115d00b1,"User selected linked N for all ten cases. The held Gopal Krishna Gupta link remains N, not cleared. Original audit rationale: DBLP Gopal Gupta 0001 is the UT Dallas/New Mexico logic-programming researcher, conflicting with ACM Gopal Krishna Gupta’s Monash/Australian education, databases and signature work. User-held N link remains; decide whether to clear it."
5,2026-09-29T19:56:58.718875-04:00,acm_fellows.csv,1333,"Jones, Neil",scholar,https://scholar.google.com/citations?user=2ADsKV4AAAAJ,N,N,"(2) should be N, all others remain N (batch five)",Confirmed existing linked N; no canonical edit required.,2026-09-29T03:03:53Z,3084eebffd2988c7b3c3bb80b96fbab83a419b8920e86c693505cfacd0080f15,"User selected linked N for all ten cases. The held Gopal Krishna Gupta link remains N, not cleared. Original audit rationale: 20/100 apparent clinical/physics/other-author entries. Exactly 20% in retained first page is a user decision; programming-language core supported. Preserve explicit N."
5,2026-09-29T19:56:58.718875-04:00,acm_fellows.csv,1398,"Zanella, Paolo",dblp,https://dblp.org/pid/52/1184,N,N,"(2) should be N, all others remain N (batch five)",Confirmed existing linked N; no canonical edit required.,2026-09-17T23:07:08Z,8ff9c2f093f2af6efa499e7aff067a168a9932a46e8e8ae57eb5f0d9e3a663c0,"User selected linked N for all ten cases. The held Gopal Krishna Gupta link remains N, not cleared. Original audit rationale: One high-energy-physics computing overview supports CERN context but not substantial representation of the recognized IT leadership career."
5,2026-09-29T19:56:58.718875-04:00,acm_fellows.csv,1460,"Catmull, Edwin",scholar,https://scholar.google.com/citations?user=qb5SK0QAAAAJ,N,N,"(2) should be N, all others remain N (batch five)",Confirmed existing linked N; no canonical edit required.,2026-09-28T17:25:22Z,f8c4be65a0476069c36457d8e727519d79af56fc1c1523e6049a416b46a7c20a,"User selected linked N for all ten cases. The held Gopal Krishna Gupta link remains N, not cleared. Original audit rationale: 35 exhausted retained entries dominated by Creativity Inc editions/translations do not represent substantial technical graphics bibliography. Fishman/Chu medical-creativity collaboration is not automatically unrelated. N is a coverage judgment, not an inferred contamination percentage."
5,2026-09-29T19:56:58.718875-04:00,acm_fellows.csv,1474,"Grosch, Herbert R J",dblp,https://dblp.org/pid/62/2002,N,N,"(2) should be N, all others remain N (batch five)",Confirmed existing linked N; no canonical edit required.,2026-09-17T23:22:19Z,59d2c84cb60ad8b4043e8fec6764ac632ddffb8124ec5f755ca3823b87b1f404,"User selected linked N for all ten cases. The held Gopal Krishna Gupta link remains N, not cleared. Original audit rationale: Eight records include Grosch’s law and ACM/professional service, positive evidence for a service-centered career. Reconsider whether this is a justified sparse exception alongside accepted service profiles; preserve explicit N."
5,2026-09-29T19:56:58.718875-04:00,acm_fellows.csv,1479,"Johnson, David S",scholar,https://scholar.google.com/citations?user=LyEq7qEAAAAJ,N,N,"(2) should be N, all others remain N (batch five)",Confirmed existing linked N; no canonical edit required.,2026-09-28T17:27:09Z,2f92b158dde9044fe9b868a4c7b40db3818f0fcf21d57545670f577c2049bba0,"User selected linked N for all ten cases. The held Gopal Krishna Gupta link remains N, not cleared. Original audit rationale: 35 apparent genome/clinical/education/mobilepatent and fluid-mechanics namesake entries; mathematical phylogeny73 and networking90 not counted merely for adjacent topic. Retained first100 muchmore20; theory/optimization identity secure."
5,2026-09-29T19:56:58.718875-04:00,turing_award_winners.csv,10,"Catmull, Edwin",scholar,https://scholar.google.com/citations?user=qb5SK0QAAAAJ,N,N,"(2) should be N, all others remain N (batch five)",Confirmed existing linked N; no canonical edit required.,2026-09-28T17:25:22Z,f8c4be65a0476069c36457d8e727519d79af56fc1c1523e6049a416b46a7c20a,"User selected linked N for all ten cases. The held Gopal Krishna Gupta link remains N, not cleared. Original audit rationale: 35 exhausted retained entries dominated by Creativity Inc editions/translations do not represent substantial technical graphics bibliography. Fishman/Chu medical-creativity collaboration is not automatically unrelated. N is a coverage judgment, not an inferred contamination percentage."
6,2026-09-29T20:01:04.271256-04:00,acm_fellows.csv,1481,"Kennedy, Kenneth W",dblp,https://dblp.org/pid/05/9528,N,N,"(8) to N, others remain the same (batch six)",Confirmed existing linked N; no canonical edit required.,2026-09-17T23:24:05Z,ede930d08dfb158fe1ce07294c0198a0d5488f6e1f81ac0659c1676f397e0e29,User explicitly resolved presented case. Original audit rationale: Two records omit most of the established parallel-programming and compiler contribution; incidental fragment despite compatible identity.
6,2026-09-29T20:01:04.271256-04:00,acm_fellows.csv,1506,"Adams, James M",dblp,https://dblp.org/pid/144/4286,N,N,"(8) to N, others remain the same (batch six)",Confirmed existing linked N; no canonical edit required.,2026-09-17T23:38:02Z,d270ad16db24756aa6b922e2f4379a14bb1f51f19a4502ab20d67e1b1434963c,User explicitly resolved presented case. Original audit rationale: Five modern counterfactual/cyber-defence/fuzzy-control records do not establish the recipient recognized for longstanding ACM volunteer leadership. Preserve explicit hold; decide whether to retain or clear.
6,2026-09-29T20:01:04.271256-04:00,acm_fellows.csv,1513,"Blasgen, Michael W",dblp,https://dblp.org/pid/172/8567,N,N,"(8) to N, others remain the same (batch six)",Confirmed existing linked N; no canonical edit required.,2026-09-17T23:42:00Z,ac5bdf5f1e7b4084f3597020cd1115eff659e3e5c4e041315e6a48479dd07cb1,User explicitly resolved presented case. Original audit rationale: One IBM RISC record omits the explicitly cited System R recovery contribution.
6,2026-09-29T20:01:04.271256-04:00,acm_fellows.csv,1514,Bob O Evans,dblp,https://dblp.org/pid/174/0100,N,N,"(8) to N, others remain the same (batch six)",Confirmed existing linked N; no canonical edit required.,2026-09-17T23:29:28Z,c478bb08af11f462c6dffb23f5c6cae49f61fe911c98c6331afa64541c81f514,"User explicitly resolved presented case. Original audit rationale: Two records directly concern System/360 and the SPREAD task group, supporting Bob Evans identity and central contribution. Coverage remains very limited; ask whether a contextual exception is justified. Individual retained ACM profile absent; canonical reconciled award identity used."
6,2026-09-29T20:01:04.271256-04:00,acm_fellows.csv,1518,"Bradshaw, Charles L",dblp,https://dblp.org/pid/199/7422,N,N,"(8) to N, others remain the same (batch six)",Confirmed existing linked N; no canonical edit required.,2026-09-17T23:30:28Z,ca1ef18994934f804e68dc059e21ef4afe0bfcc1b4d1a77dd6f4040993daa850,User explicitly resolved presented case. Original audit rationale: One conference proceeding supports service involvement but does not adequately represent 35 years of recognized work.
6,2026-09-29T20:01:04.271256-04:00,acm_fellows.csv,1519,"Bricklin, Daniel S",dblp,https://dblp.org/pid/91/4250,N,N,"(8) to N, others remain the same (batch six)",Confirmed existing linked N; no canonical edit required.,2026-09-17T23:32:21Z,f58a07e9cd567255b7dbd1e0734ad4c4abed1826701fcf0d65f3b291e7790ac7,"User explicitly resolved presented case. Original audit rationale: Four records, including duplicated TYPESET work, omit the VisiCalc contribution; coverage concern rather than wrong-person finding."
6,2026-09-29T20:01:04.271256-04:00,acm_fellows.csv,1521,"Brotz, Douglas K",dblp,https://dblp.org/pid/58/3707,N,N,"(8) to N, others remain the same (batch six)",Confirmed existing linked N; no canonical edit required.,2026-09-17T23:33:48Z,1cdc867b9ac50a7dac3320b52380403163f07ae70e762ecd0f102d3394fc3212,"User explicitly resolved presented case. Original audit rationale: Three entries include device-independent print format, positive PostScript-related evidence, but insufficient represented work to establish a substantial bibliography; ask whether a contextual exception is warranted."
6,2026-09-29T20:01:04.271256-04:00,acm_fellows.csv,1522,"Burton, Richard R.",dblp,https://dblp.org/pid/41/6150,Y,N,"(8) to N, others remain the same (batch six)","Applied quality Y to N; retained URL, capture dates and statistics.",2026-09-17T23:44:54Z,f7c4ef96b21cd17c1958e10e2d943e6eca8e21d804fdee33bc8aa436b99be892,"User explicitly resolved presented case. Original audit rationale: Ten retained records include DoradoLISP and SOPHIE, with strong identity and related programming-environment work, but the ACM citation emphasizes integrated programming environments more broadly. Preserve Y; reflag whether this selected subset provides sufficient career coverage."
6,2026-09-29T20:01:04.271256-04:00,acm_fellows.csv,1531,"D'Auria, Thomas A",dblp,https://dblp.org/pid/49/1062,N,N,"(8) to N, others remain the same (batch six)",Confirmed existing linked N; no canonical edit required.,2026-09-17T23:46:54Z,748ac338df6e6c48b1d691604d574fe67dcbb976fbe9be9a399f76023004a16c,User explicitly resolved presented case. Original audit rationale: Three panels/proceedings/service records fit ACM involvement but establish only a small part of the recognized management/service career.
6,2026-09-29T20:01:04.271256-04:00,acm_fellows.csv,1534,"Denning, Peter J",scholar,https://scholar.google.com/citations?user=-W3wvGkAAAAJ,Y,Y,"(8) to N, others remain the same (batch six)",Confirmed existing linked Y; no canonical edit required.,2026-09-28T17:33:04Z,7ac67c2c71cddf19c894590d5fade2828e0fdbb2de4b2eab1411198104d694d9,"User explicitly resolved presented case. Original audit rationale: Three clear-looking education-economics/HCV namesake entries; nineteen other-author books/articles, Dorothy Denning entries and Ubiquity editor/contributor aggregation need attribution judgment. Earlier 19-entry count was not 19 proven unrelated works. Working-set/operating-systems core supported; preserve Y and flag threshold uncertainty."
6 sparse-policy follow-up,2026-09-29T20:01:04.271256-04:00,acm_fellows.csv,1538,"Dunwell, Stephen",dblp,https://dblp.org/pid/87/6954,N,N,Resolve clearly sparse DBLP coverage directly as N without individual review,Confirmed existing linked N; no canonical edit required.,2026-09-17T23:46:17Z,e276cc026000aa26c39551d34d94b8bafeb0fd7d752fb09c47bba2a676e88318,"Applied user-authorized sparse-DBLP rule; no numerical cutoff. Original audit rationale: Two records include IBM Stretch design objectives, matching the recognized project, but very limited career coverage. Reconsider a contextual exception only with positive coverage judgment; preserve N."
6 sparse-policy follow-up,2026-09-29T20:01:04.271256-04:00,acm_fellows.csv,1542,"Finerman, Aaron",dblp,https://dblp.org/pid/11/4555,N,N,Resolve clearly sparse DBLP coverage directly as N without individual review,Confirmed existing linked N; no canonical edit required.,2026-09-17T23:28:12Z,b3810ca47e8ff2f5a4fb913599ebcbd4d744e3bad2755c459f93b9d0ef65fdb1,"Applied user-authorized sparse-DBLP rule; no numerical cutoff. Original audit rationale: Seven records concern computer curricula, university computing, professionalism and VLDB service, consistent with a service/education career. Sparse coverage is not automatic N; ask whether this merits a contextual exception like accepted service profiles."
6 sparse-policy follow-up,2026-09-29T20:01:04.271256-04:00,acm_fellows.csv,1582,"Maisel, Herbert",dblp,https://dblp.org/pid/27/474,N,N,Resolve clearly sparse DBLP coverage directly as N without individual review,Confirmed existing linked N; no canonical edit required.,2026-09-17T23:37:13Z,e64dd967ae940d86f27d7fb5e838b39692a18edea70eaadaac53958c0d265067,"Applied user-authorized sparse-DBLP rule; no numerical cutoff. Original audit rationale: Four records, including two closely related salary reports, provide limited direct representation of the recognized ACM intersociety service."
6 sparse-policy follow-up,2026-09-29T20:01:04.271256-04:00,acm_fellows.csv,1586,"McCracken, Daniel D",dblp,https://dblp.org/pid/199/9066,N,N,Resolve clearly sparse DBLP coverage directly as N without individual review,Confirmed existing linked N; no canonical edit required.,2026-09-17T23:32:13Z,2184c27e13ae564d7f5167fe5e57d0c67038d01029df33870750bcb44e3dca84,"Applied user-authorized sparse-DBLP rule; no numerical cutoff. Original audit rationale: Single 1975 policy panel is an incidental fragment of the textbook/education career; individual award citation blank, so use retained biography/reconciliation context."
6 sparse-policy follow-up,2026-09-29T20:01:04.271256-04:00,acm_fellows.csv,1597,"Poucher, William B",dblp,https://dblp.org/pid/20/10566,N,N,Resolve clearly sparse DBLP coverage directly as N without individual review,Confirmed existing linked N; no canonical edit required.,2026-09-17T23:48:57Z,0817bf7d6574aad90b5dac6b6862e734a5108f83fee2f011cec9ed58cf5b2cf3,"Applied user-authorized sparse-DBLP rule; no numerical cutoff. Original audit rationale: Three records emphasize early combinatorics and program assessment, with little direct representation of the recognized programming-contest work."
6 sparse-policy follow-up,2026-09-29T20:01:04.271256-04:00,acm_fellows.csv,1602,"Rulifson, Jeff",dblp,https://dblp.org/pid/12/4903,Y,N,Resolve clearly sparse DBLP coverage directly as N without individual review,"Applied quality Y to N; retained URL, capture dates and statistics.",2026-09-17T23:38:16Z,dda812fe6e876ea3695088d11c736a96484364ef19feebd59ee2d3787944e789,"Applied user-authorized sparse-DBLP rule; no numerical cutoff. Original audit rationale: Six records include DEL, QA4 and problem-solving language work but no directly titled NLS/hypertext account. Identity supported; reflag whether this is enough substantial coverage for the NLS-centered award while preserving Y."
6 sparse-policy follow-up,2026-09-29T20:01:04.271256-04:00,acm_fellows.csv,1621,"Taft, Edward A",dblp,https://dblp.org/pid/52/147,Y,N,Resolve clearly sparse DBLP coverage directly as N without individual review,"Applied quality Y to N; retained URL, capture dates and statistics.",2026-09-17T23:34:18Z,4e8853fd0cfa3c4fa189576accde65cbe30dae5b0a750f5ecda13ab0f7c4ade0,"Applied user-authorized sparse-DBLP rule; no numerical cutoff. Original audit rationale: Ten records include PDF media type, Pup, Alpine and interactive graphics but no directly titled PostScript work. Identity and adjacent career supported; reflag sufficiency of coverage for PostScript contribution, preserving Y."
7,2026-09-29T20:05:30.839185-04:00,acm_fellows.csv,1546,"Friedman, Frank L",dblp,https://dblp.org/pid/287/8232,N,N,Remove Friedman and Harris links completely; keep Scott and change to Y; keep Taylor N,Cleared DBLP URL and paired capture date; retained N; removed unreferenced extracted record.,2026-09-17T23:35:51Z,fac2d75eb90d140691ddc45f39def187920995d3b598130265a2ac45874c8649,"User explicitly resolved final audit case. Original audit rationale: Stored heading is Frank F. Friedman rather than ACM Frank L. Friedman, with only one classroom-software item. Typo and namesake explanations remain unresolved; preserve explicit hold and request disposition."
7,2026-09-29T20:05:30.839185-04:00,acm_fellows.csv,1558,"Harris, Fred H",dblp,https://dblp.org/pid/06/421-1,N,N,Remove Friedman and Harris links completely; keep Scott and change to Y; keep Taylor N,Cleared DBLP URL and paired capture date; retained N; removed unreferenced extracted record.,2026-09-17T23:36:06Z,cf6238cb0ff4c77d2cc7def5bcef9386d3eedcced4ae9c77277eb1af02b3b985,"User explicitly resolved final audit case. Original audit rationale: DBLP Fredric J. Harris is the SDSU signal-processing researcher, conflicting with ACM Fred H. Harris’s professional-certification service identity. User-held N link remains; decide whether to clear it."
7,2026-09-29T20:05:30.839185-04:00,acm_fellows.csv,1604,"Scott, Dana S",scholar,https://scholar.google.com/citations?user=oaja5KYAAAAJ,N,Y,Remove Friedman and Harris links completely; keep Scott and change to Y; keep Taylor N,"Applied Scholar N to Y; retained URL, capture date and statistics.",2026-09-28T17:36:51Z,9ee02c5e642bf84ca361029b3cb42a48f1b7cf1fba9369669276c3ab7bc44afe,"User explicitly resolved final audit case. Original audit rationale: 21 clear-looking nonrecipient biomedical/agricultural/economic entries, four mathematical other-author/editor/book-aggregation cases uncertain. Rough20 threshold; preserveN for user, sharedTuring1708. Logic/semantics identity supported."
7,2026-09-29T20:05:30.839185-04:00,acm_fellows.csv,1623,"Taylor, Robert W",dblp,https://dblp.org/pid/31/1172,N,N,Remove Friedman and Harris links completely; keep Scott and change to Y; keep Taylor N,Confirmed existing linked N; no canonical edit required.,2026-09-17T23:45:24Z,4a7945553fce41d4192fcddd4368efa4a6740b556bf34778a06c8cc87655602d,"User explicitly resolved final audit case. Original audit rationale: Nineteen entries are dominated by database conversion, CODASYL and schema work, plus environmental and server entries; they do not establish the ACM recipient who led Xerox PARC personal/distributed computing. Reflag possible predominantly wrong-person profile; preserve N and URL until user decides whether to clear the link."
7,2026-09-29T20:05:30.839185-04:00,turing_award_winners.csv,70,"Scott, Dana S",scholar,https://scholar.google.com/citations?user=oaja5KYAAAAJ,N,Y,Remove Friedman and Harris links completely; keep Scott and change to Y; keep Taylor N,"Applied Scholar N to Y; retained URL, capture date and statistics.",2026-09-28T17:36:51Z,9ee02c5e642bf84ca361029b3cb42a48f1b7cf1fba9369669276c3ab7bc44afe,"User explicitly resolved final audit case. Original audit rationale: 21 clear-looking nonrecipient biomedical/agricultural/economic entries, four mathematical other-author/editor/book-aggregation cases uncertain. Rough20 threshold; preserveN for user, sharedTuring1708. Logic/semantics identity supported."
Gupta final no-link,2026-09-29T20:22:24.545971-04:00,acm_fellows.csv,1331,"Gupta, Gopal Krishna",dblp,https://dblp.org/pid/g/GopalGupta,N,N,"Current Gopal Krishna Gupta DBLP link should be empty, no-link, since no good fit was found.",Cleared DBLP URL and paired capture date; retained N; removed unreferenced extracted record.,2026-09-17T22:58:29Z,dd61cf809d03b2cffee896ca4bd5174378b4a1408e35a15617493949115d00b1,Supersedes batch five hold. User decision and completed removal recorded in docs/gupta_dblp_replacement_search_2026-09-29.md#final-user-decision--no-link; ledger entry added during consistency sweep.
